pressao_atm_max,pressao_atm_min,chuva_mm,temp_ar_max,temp_ar_min,umid_relat_max,umid_relat_min,rad_solar_total,temp_max,temp_min,temp_ar_media,umid_relat_media,vento_veloc,rad_solar_media,et0
619.5513,599.9329,0.254,24.494,24.214,96.826,96.214,1478.49,23.94131,23.63924,24.35744,96.57234,0.015833,4.106918,0.002045
619.5574,599.8901,0,24.754,24.464,96.472,94.128,1473.536,24.00219,23.65829,24.62766,95.24924,0.516458,4.093156,0.003991
619.3926,599.7466,0,24.654,23.952,94.447,91.18,1464.25,23.71903,22.49048,24.18502,92.34437,0.228125,4.06736,0.003562
600.8608,599.7375,0,23.993,23.572,95.46,91.867,1410.459,23.09885,22.50435,23.84216,93.90744,0,3.917942,0.001924
600.4976,600.1832,0,23.792,23.392,97.359,95.436,1371.359,23.14478,22.76277,23.54463,96.48438,0,3.80933,0.001867
600.467,599.826,0,23.622,23.312,98.277,97.35,1349.009,23.28298,22.93493,23.40505,97.9081,0.011528,3.747248,0.001854
600.1282,599.8107,0,23.912,23.632,97.82,95.176,1385.925,23.36432,23.05162,23.78294,96.59721,0.007361,3.849791,0.001907
600.8975,599.7344,0,24.424,23.903,95.23,93.025,1444.166,23.29869,23.07886,24.14396,94.16627,0.0225,4.011571,0.003665
618.9316,599.7497,0,25.626,24.362,93.109,86.554,1683.145,23.53563,22.93957,24.84287,90.40189,0.808333,4.675404,0.011477
619.1331,599.6978,0,26.568,25.396,86.914,79.1,2016.042,23.40967,22.4852,26.09037,82.7552,1.734793,5.600116,0.032914
619.1728,599.7344,0,27.81,26.607,79.718,72.14,2154.378,23.30993,22.17801,27.37757,75.43269,1.486597,5.984383,0.041049
619.7497,599.7344,0,29.541,27.579,72.878,66.488,2532.921,23.04484,22.02686,28.72607,69.16381,1.411389,7.035892,0.050176
619.9573,599.7222,0,30.84,29.16,68.039,57.941,2497.564,22.90199,21.29264,29.88292,62.55668,1.968889,6.937679,0.080463
620.1771,599.765,0,32.226,30.34,59.911,52.629,2619.852,22.33635,20.98647,31.26755,56.58834,1.9575,7.277368,0.094522
620.2686,599.7222,0,32.808,31.26,57.1,50.351,2133.013,22.82809,20.75943,31.9238,53.86086,1.456389,5.925036,0.077588
620.3144,599.8657,0,35.195,31.7,53.924,42.826,3024.771,22.4059,20.319,33.76735,48.3148,1.727084,8.402141,0.105108
620.2625,599.7222,0,34.806,33.636,45.988,41.433,1879.31,21.09876,18.90853,34.12356,43.26298,2.064514,5.220306,0.132214
600.9463,599.7283,0,34.365,33.337,45.396,41.616,1690.067,20.62369,19.05236,33.78838,43.79284,2.332917,4.69463,0.144652
620.3724,599.7619,0,33.667,31.499,51.843,44.464,1497.11,20.54039,19.71828,32.58725,48.11691,2.315625,4.158638,0.129871
620.0947,599.7497,0,31.499,29.38,59.908,51.802,1442.958,20.8976,19.97827,30.1612,55.77972,1.803194,4.008216,0.066924
620.0977,599.7405,0,29.63,27.888,64.925,57.417,1469.198,20.79347,20.27025,28.52523,61.53061,1.108264,4.081106,0.039331
619.9786,599.7375,0,28.76,27.669,67.348,60.669,1513.872,21.11704,20.36586,28.19268,63.96786,2.163125,4.205199,0.058852
620.3144,599.6948,0,27.708,26.598,74.443,67.275,1550.262,21.7153,21.04041,27.07538,70.97234,1.566111,4.306282,0.037304
619.6978,599.7802,0,26.628,25.836,81.148,74.355,1583.722,22.48644,21.69225,26.28947,77.67128,1.620695,4.399227,0.029134
620.2686,599.7344,0,25.866,25.376,85.722,81.031,1560.936,22.84801,22.34544,25.62393,83.418,0.772708,4.335932,0.01306
620.2747,599.7955,0,25.376,24.966,88.178,85.75,1535.298,22.9396,22.82337,25.1783,87.05656,0.927431,4.264717,0.011809
620.2778,599.8412,0,24.995,24.574,90.574,88.174,1492.631,23.01167,22.84599,24.73599,89.58311,0.474167,4.146198,0.006356
619.9542,599.9207,0,24.703,24.535,91.05,90.226,1524.863,23.06876,22.95354,24.6184,90.65825,1.226181,4.235732,0.010528
600.9554,599.8199,0,24.695,24.173,91.949,90.144,1519.042,23.00711,22.77641,24.40055,91.17746,0.474097,4.219563,0.005649
620.1435,599.826,0,24.554,24.334,91.392,88.926,1508.116,22.96138,22.48578,24.45532,90.25966,1.199237,4.189212,0.010703
620.0458,599.9176,0,24.434,24.253,89.462,88.867,1501.143,22.5469,22.40084,24.35842,89.14307,0.821458,4.169842,0.009206
600.9585,599.8107,0,24.564,24.132,90.958,89.457,1580.97,22.85361,22.5049,24.28541,90.32513,1.201111,4.391583,0.014565
620.1526,599.7344,0,26.777,24.554,90.012,76.77,2166.092,23.0017,22.02163,25.58641,83.64,1.561667,6.016923,0.029031
620.1954,599.7344,0,28.791,26.777,77.136,65.792,2727.53,22.61808,21.43024,27.84215,71.15877,2.07257,7.576472,0.063883
620.2015,599.7344,0,29.83,27.95,67.703,60.977,2341.099,22.0861,21.03431,28.68769,64.96479,2.352916,6.503054,0.085408
620.2289,599.7497,0,30.31,28.619,64.542,58.429,2179.881,22.16927,20.9845,29.44474,61.84368,1.634514,6.055225,0.068876
600.9341,599.8077,0,31.858,29.859,59.382,50.623,2300.856,21.68118,20.04182,30.77296,55.01276,2.181597,6.391268,0.105587
620.2534,599.8046,0,33.816,30.779,53.341,44.3,2325.925,21.37113,19.55862,31.89135,50.20204,1.984444,6.460903,0.109443
620.2625,599.7955,0,34.537,32.568,47.49,41.587,2459.118,20.94949,18.68303,33.48756,44.18616,1.937986,6.830883,0.123061
620.061,599.7497,0,35.503,32.898,45.927,37.115,2441.737,20.93104,18.44815,34.12648,41.2905,1.748888,6.782603,0.119231
620.3785,599.9329,0,36.181,33.806,41.898,34.726,2297.297,19.90422,17.95121,35.35737,37.44646,1.854722,6.381381,0.135637
620.2869,599.9207,0,36.261,34.224,38.47,33.958,1797.071,18.86597,17.47466,35.12484,36.45516,2.03625,4.991864,0.147954
620.3022,599.8016,0,35.132,33.068,44.057,36.347,1553.29,19.60986,17.61937,33.93176,40.86067,2.202984,4.314695,0.144604
620.4579,599.7009,0,33.078,30.888,51.955,43.021,1473.384,19.89311,18.8328,32.27953,46.25304,2.519237,4.092733,0.107689
620.4731,599.6612,0,30.9,29.1,59.853,51.916,1503.629,20.56078,19.84564,29.97024,55.82051,2.381874,4.176746,0.080405
620.3113,599.7344,0,29.109,27.768,66.792,59.91,1553.843,21.16117,20.51821,28.4319,63.7647,2.174584,4.31623,0.059814
620.3358,599.7466,0,27.848,26.738,73.816,66.033,1614.972,21.70115,20.90994,27.32021,69.33987,1.931111,4.486033,0.045648
620.2991,599.826,0,26.738,25.988,82.262,73.816,1625.32,22.76281,21.69187,26.37921,77.75539,1.629861,4.514777,0.029245
620.2625,599.7466,0,25.997,25.586,85.246,82.292,1621.148,23.04424,22.69927,25.72685,84.25391,1.405556,4.50319,0.018883
620.2656,599.8474,0,25.705,25.486,85.16,84.273,1625.614,22.98668,22.80872,25.61842,84.70363,1.751181,4.515595,0.02111
620.2381,599.8382,0,25.506,25.134,86.144,84.934,1595.027,22.84033,22.66007,25.37693,85.41264,1.339375,4.430632,0.016889
601.4591,599.765,0,25.216,24.716,88.676,86.074,1501.837,22.83144,22.64963,24.99528,87.27579,0.41132,4.17177,0.006772
600.9371,599.7222,0,24.876,24.564,88.292,85.738,1498.602,22.73432,22.05898,24.74722,86.63359,1.187848,4.162784,0.014123
600.9249,599.7222,0,24.674,24.222,86.367,84.855,1493.232,22.10393,21.76622,24.4548,85.57544,1.227708,4.147866,0.015331
619.9847,599.7344,0,24.334,23.852,88.109,85.982,1472.431,21.87753,21.75346,24.08024,87.13418,1.03632,4.090087,0.012254
620.235,599.7009,0,24.574,23.732,88.496,83.258,1560.545,21.80627,21.50577,24.02228,86.59105,1.045972,4.334848,0.016901
619.8474,599.8718,0,26.768,24.542,83.15,71.062,2111.082,21.55132,21.02752,25.53789,77.1249,1.811666,5.864118,0.04345
600.9463,599.7527,0,29,26.437,71.292,60.701,2708.445,21.62296,20.35719,27.44182,67.54096,2.386389,7.523458,0.07913
620.0336,599.7375,0,30.67,28.49,61.678,52.037,3031.253,20.8432,19.42047,29.5874,56.32175,2.361112,8.420148,0.108805
620.2625,599.7436,0,31.9,29.74,56.459,48.359,3167.074,20.45995,19.21734,30.85207,51.52675,2.033889,8.797428,0.108706
620.1008,599.7161,0,33.318,31.13,49.992,41.091,3384.335,19.96561,18.15294,32.39773,45.28017,2.397501,9.40093,0.144404
620.3297,599.7955,0,34.704,32.518,43.603,34.609,3157.463,19.17586,16.54081,33.674,39.05526,2.360833,8.770731,0.160947
620.3602,599.7619,0,35.702,33.775,40.97,33.255,3045.631,18.77345,16.78863,34.84306,35.89237,2.33264,8.460087,0.1702
620.4731,599.7589,0,36.669,34.704,37.714,31.816,2550.701,18.47774,16.68791,35.6785,34.06134,1.775278,7.08528,0.138492
620.2442,599.7619,0,36.64,34.335,36.384,31.404,2292.584,18.51187,16.76207,35.5639,33.93798,1.892361,6.368289,0.145989
620.5739,599.6887,0,36.589,34.904,35.351,31.394,1952.705,17.95912,16.71417,35.84861,33.36221,1.465277,5.424181,0.116987
620.0977,599.7497,0,35.931,34.146,36.143,32.302,1628.729,17.58978,16.31592,34.57635,34.68262,1.679098,4.524247,0.126534
620.0671,599.8901,0,34.224,31.138,50.017,35.026,1540.422,19.52067,16.37814,32.89009,41.04622,2.041876,4.278951,0.103801
619.9542,599.7955,0,31.13,28.66,61.897,50.144,1543.746,20.68408,19.50618,29.71986,56.74839,3.019165,4.288184,0.090668
620.2717,599.8168,0,28.66,27.168,69.609,61.956,1608.349,21.17348,20.65914,27.81606,66.2279,2.311736,4.467635,0.0571
620.2076,599.765,0,27.158,26.346,76.678,69.634,1637.222,21.96435,21.13109,26.69666,73.10571,2.054652,4.54784,0.041146
620.1801,599.9329,0,26.356,25.666,81.508,76.71,1640.823,22.29014,21.95462,25.95198,79.61355,1.680694,4.557842,0.027173
620.406,599.7497,0,25.705,25.426,83.232,81.451,1624.688,22.44836,22.24087,25.57011,82.29871,2.008819,4.513021,0.026315
620.3052,599.7955,0,25.486,25.056,85.072,82.945,1618.69,22.45494,22.33505,25.27382,84.07881,1.871597,4.496361,0.022605
620.3236,599.7253,0,25.094,24.844,86.195,85.117,1584.511,22.51602,22.31345,24.93682,85.82091,1.756181,4.40142,0.019302
620.2961,599.826,0,24.934,24.664,86.52,85.531,1556.412,22.36877,22.18842,24.76151,85.99205,1.361458,4.323366,0.016157
600.8608,599.7344,0,24.674,24.222,89.273,86.51,1530.27,22.41285,22.26896,24.48251,87.83854,1.576389,4.250749,0.015453
620.3113,599.7802,0,24.263,23.972,90.898,88.57,1508.368,22.47173,22.19573,24.12119,89.98343,1.121458,4.18991,0.010427
620.2595,599.826,0,24.343,24.182,88.542,87.382,1521.111,22.20096,22.04618,24.26352,87.72265,1.548958,4.225308,0.015316
620.0916,599.7955,0,24.794,24.054,89.207,85.029,1651.222,22.36877,22.10913,24.29049,88.11063,1.724791,4.586729,0.022418
619.9451,599.8565,0,26.688,24.825,85.154,69.8,2163.797,22.20566,20.49059,25.48283,78.19033,2.254376,6.010548,0.049513
620.3022,599.7375,0,28.609,26.116,70.748,55.742,2769.933,20.7803,18.77746,27.69882,62.28102,2.453959,7.694258,0.093773
620.0549,599.7131,0,30.85,28.478,57.341,47.497,2736.457,19.56701,18.16209,29.60541,52.29115,2.719097,7.601268,0.132441
620.3022,599.7222,0,32.199,30.16,50.712,44.154,2962.817,19.38988,18.10887,31.12702,47.52891,2.976458,8.230048,0.161606
620.2534,599.765,0,33.296,31.589,46.8,39.019,2932.575,19.26439,17.12916,32.25126,43.10262,2.844862,8.146041,0.171752
619.8718,599.826,0,34.964,32.758,42.228,34.064,3087.826,18.68549,16.45941,33.63014,38.39542,2.238472,8.577293,0.155091
620.4609,599.765,0,35.771,33.806,39.692,31.121,2995.205,18.845,15.86035,34.74894,34.42808,2.07882,8.320013,0.157037
620.3113,599.6734,0,36.66,34.614,34.32,29.443,2517.699,17.65669,15.45702,35.58229,32.13165,2.226807,6.993609,0.173584
620.0458,599.765,0,36.9,35.433,33.458,28.787,2214.503,17.30301,15.11517,36.16083,30.68077,1.747778,6.151398,0.143598
620.2869,599.7802,0,36.469,35.035,32.352,29.564,1940.137,16.83903,15.42564,35.9086,30.64702,1.706112,5.38927,0.139491
620.2656,599.7802,0,36.312,34.496,33.226,30.126,1698.94,16.47596,15.74785,35.28253,31.80818,1.394305,4.719278,0.11293
620.6197,599.7558,0,34.486,30.91,44.5,32.806,1597.928,17.46323,15.69195,32.71923,38.3911,2.141389,4.438688,0.11169
620.2045,599.8687,0,30.9,28.791,54.067,44.462,1598.604,18.60674,17.40893,29.74977,49.74556,2.313541,4.440567,0.089091
620.2991,599.7711,0,28.791,27.348,62.953,54.001,1609.677,19.71298,18.56696,28.1266,58.17955,1.717153,4.471324,0.05825
620.6014,599.9084,0,27.358,26.418,69.35,62.953,1622.57,20.381,19.68256,26.81119,66.81786,1.715555,4.507139,0.044902
620.4335,599.7955,0,26.448,25.836,76.18,69.412,1644.216,21.39751,20.38537,26.12709,72.61449,1.862431,4.567266,0.038674
619.8993,599.7497,0,25.907,25.576,80.77,76.203,1664.171,22.1818,21.38408,25.76448,78.9192,1.635069,4.622696,0.027422
620.406,599.7497,0,25.788,25.686,82.205,80.766,1639.199,22.48366,22.14968,25.73929,81.34901,1.331806,4.553329,0.021308
620.2869,599.7497,0,25.724,25.474,83.693,82.027,1620.367,22.55933,22.32752,25.58099,82.61324,1.622986,4.50102,0.022633
619.9268,599.71,0,25.474,25.075,84.951,82.132,1603.661,22.64155,22.13068,25.31518,83.84203,1.310556,4.454614,0.018249
620.3724,599.8901,0,25.085,24.716,86.273,84.775,1534.638,22.39791,22.26856,24.94445,85.36566,0.896597,4.262885,0.012764
619.8749,599.8443,0,24.735,24.334,87.93,86.27,1480.63,22.37975,22.19678,24.52547,87.35033,0.31507,4.112861,0.005661
619.9054,599.8229,0,24.382,23.722,90.014,87.746,1428.123,22.27114,21.8498,24.02794,88.83997,0.116181,3.967008,0.003184
600.9005,599.7253,0,24.774,23.742,89.104,83.564,1530.509,21.87601,21.55434,24.14933,86.06335,0.981875,4.251415,0.016626
600.9341,599.8871,0,25.917,24.716,83.384,76.226,1918.546,22.07961,21.20345,25.26437,80.00718,1.748333,5.329295,0.036906
620.2595,599.7497,0,27.728,25.646,76.365,68.246,2381.864,22.03649,21.0042,26.73944,72.19024,1.783265,6.616288,0.052982
620.3389,599.765,0,30.291,27.018,70.949,57.897,2699.46,22.15374,20.76402,28.65432,64.79466,1.645833,7.498499,0.064425
620.3999,599.6978,0,31.56,28.85,62.523,52.703,2543.965,21.46025,20.03917,30.01203,57.17723,1.624028,7.06657,0.077813
620.1649,599.7375,0,33.794,30.58,55.994,43.33,3226.893,21.3403,19.04276,32.09611,49.96494,1.297292,8.963592,0.078255
620.174,599.765,0,35.173,32.199,47.804,38.131,3569.178,20.71204,18.49366,33.72522,42.81272,1.837084,9.914383,0.123033
620.4579,599.7802,0,36.001,33.318,41.414,34.917,3071.366,19.85945,17.80853,34.92981,38.08667,1.920902,8.531572,0.139294
620.5677,599.7527,0,36.929,33.974,39.185,33.453,2807.209,19.83167,17.56585,35.43299,36.14812,2.00243,7.797804,0.149321
620.2198,599.7497,0,37.287,34.894,35.919,32.142,2419.101,18.82097,16.89518,36.1371,33.72501,1.367083,6.719725,0.110819
620.2015,599.8871,0,36.919,34.786,35.41,30.562,1949.75,18.27428,16.36275,36.15263,32.24332,1.448403,5.415971,0.118149
620.3755,599.8077,0,36.312,32.488,43.92,31.256,1614.934,18.66904,16.02629,34.35732,37.11332,2.107153,4.485927,0.148783
620.4976,599.7711,0,32.628,30.541,49.693,43.76,1532.48,19.21351,18.65571,31.48519,47.54797,2.905209,4.256888,0.112796
620.2747,599.71,0,30.541,29.24,52.791,49.361,1555.127,18.80213,18.34062,29.88525,50.52226,2.292291,4.319798,0.087496
620.348,599.8412,0,29.27,27.97,62.404,52.759,1567.033,20.13553,18.62852,28.64881,56.94557,1.847708,4.35287,0.063873
620.3969,599.7619,0,27.958,26.678,71.344,62.433,1615.963,21.09365,20.11457,27.30449,67.03248,2.615209,4.488787,0.059258
620.29,599.7344,0,26.699,25.878,79.023,71.402,1625.075,21.9862,21.10274,26.27191,74.85677,1.905694,4.514097,0.036297
620.1801,599.7955,0,25.897,25.474,84.402,79.048,1624.536,22.6983,21.98362,25.62336,82.23422,1.820694,4.512599,0.024881
620.3328,599.7344,0,25.537,25.316,85.964,84.367,1614.307,22.86195,22.66542,25.45296,85.13517,1.565417,4.484185,0.019058
620.2869,599.7497,0,25.306,25.146,86.617,85.934,1557.089,22.87066,22.73109,25.24074,86.25866,1.152153,4.325246,0.014417
620.3022,599.7802,0,25.376,25.126,86.617,85.402,1519.517,22.87066,22.71562,25.26561,86.06426,0.508264,4.220881,0.008385
620.116,599.7802,0,25.436,25.134,86.482,85.076,1495.04,22.81823,22.7021,25.33957,85.56604,0.790416,4.15289,0.011639
619.8107,599.7955,0,25.175,24.896,87.632,86.476,1461.523,22.88465,22.63874,25.05616,87.18398,1.135417,4.059787,0.013278
600.235,599.7344,0,24.954,24.494,88.365,87.076,1448.841,22.695,22.44983,24.75213,87.57585,0.676736,4.024559,0.009085
600.931,599.7497,0,24.986,24.324,89.754,88.336,1467.07,23.00289,22.38318,24.52273,89.14039,0.237014,4.075195,0.006169
619.9695,599.7802,0,27.56,24.995,88.684,69.945,2045.382,23.44802,21.36814,26.05943,81.78053,1.786251,5.681617,0.035361
600.9707,599.7283,0,29.529,27.438,70.613,59.404,2639.695,21.94912,20.62469,28.45564,64.56172,2.48,7.332486,0.090323
600.9646,599.8382,0,30.58,28.31,63.587,54.315,2459.544,21.40665,20.11346,29.4014,59.51342,2.542431,6.832067,0.106168
620.3358,599.7741,0,32.357,29.75,57.946,48.439,3214.267,21.04317,19.74203,31.06701,53.05168,2.517013,8.928519,0.126676
620.4731,599.7344,0,33.787,31.7,50.604,42.109,3333.729,21.02588,18.67747,32.90561,45.96415,2.321319,9.260357,0.139949
620.1679,599.7375,0,35.363,33.248,46.368,37.293,3371.581,20.36841,18.20262,34.46177,40.72575,1.764584,9.365503,0.123901
620.5189,599.6978,0,36.57,33.816,42.375,34.369,3233.788,20.11109,17.67735,35.25557,37.57372,2.109652,8.982744,0.153435
620.3602,599.7619,0,36.609,34.435,38.489,33.404,2457.489,19.68566,16.99561,35.44009,35.46949,1.894652,6.826358,0.142959
620.6319,599.7222,0,36.628,34.384,37.806,32.125,2248.623,18.83924,16.69066,35.55605,34.33875,1.74868,6.246174,0.1352
601.1783,599.7924,0,36.51,35.144,34.66,31.718,1965.615,18.04776,16.52422,35.94722,32.90771,1.815139,5.460042,0.142907
620.6594,599.7497,0,35.513,32.457,45.8,33.14,1593.98,19.31356,16.53423,34.29674,36.80198,2.125972,4.427722,0.150496
620.2656,599.7283,0,32.488,30.58,53.166,45.833,1542.537,19.99006,19.25692,31.52669,49.45361,2.751458,4.284824,0.105214
620.5342,599.9329,0,30.57,29.25,56.544,53.099,1564.56,20.07233,19.71583,29.78732,55.43862,2.369514,4.346001,0.080456
620.4091,599.765,0,29.279,28.29,61.125,56.483,1574.905,20.11502,19.60727,28.80071,58.31071,2.040902,4.374736,0.066483
600.9554,599.7802,0,28.31,27.136,67.8,61.189,1596.171,20.72905,20.11239,27.75946,64.14091,2.27625,4.433808,0.059843
620.3358,599.8107,0,27.158,26.288,77.402,67.822,1600.795,22.06511,20.68294,26.59401,72.52448,1.702362,4.446653,0.037012
620.3724,599.768,0,26.318,25.746,83.98,77.422,1628.02,22.87982,22.0403,25.97292,81.57799,2.345693,4.522277,0.030371
620.3999,599.7924,0,25.766,25.626,84.754,83.941,1619.543,22.95397,22.8104,25.70726,84.32473,1.917291,4.498731,0.022898
620.0305,599.7222,0,25.736,25.355,86.781,84.191,1590.639,23.03513,22.84866,25.57075,85.23437,1.638889,4.41844,0.019544
619.8779,599.7802,0,25.384,25.114,87.178,86.496,1547.678,23.06743,22.76177,25.26323,86.87091,1.616876,4.299105,0.017216
600.9493,599.7344,0,25.165,24.864,88.386,86.73,1560.955,22.90719,22.76429,25.00915,87.60045,1.992292,4.335986,0.018418
620.2503,599.8107,0,24.884,24.716,88.238,87.031,1556.653,22.80161,22.52908,24.80246,87.67468,1.659027,4.324036,0.016308
620.2289,599.7344,0,24.774,24.654,89.102,87.785,1523.623,22.79354,22.58942,24.72404,88.30399,1.421528,4.232286,0.01408
620.1191,599.765,0,24.864,24.523,89.625,88.334,1585.05,22.88818,22.70735,24.67765,89.19245,1.076181,4.402916,0.014803
620.1679,599.826,0,25.856,24.844,88.449,84.476,1865.238,23.2304,22.80505,25.40087,86.40966,1.606944,5.181216,0.024751
620.2137,599.8321,0,29.35,25.766,84.422,66.945,2620.94,23.72259,22.31168,27.14699,78.29022,1.917082,7.280389,0.045754
620.1496,599.7344,0,31.17,28.451,69.77,54.904,3124.563,22.86965,20.47381,29.65018,62.75278,2.13875,8.679343,0.08668
620.3236,599.707,0,32.988,29.76,59.292,45.464,2874.826,21.63294,19.21604,31.10249,53.10444,1.900973,7.985628,0.099398
620.3389,599.7192,0,33.816,31.138,51.651,41.632,2889.43,20.28475,18.52122,32.05898,47.42894,2.068056,8.026196,0.120952
620.4976,599.7527,0,35.013,32.457,47.231,39.945,3179.032,20.48116,18.8186,33.6715,43.24866,2.13375,8.830645,0.137879
620.2015,599.8351,0,35.714,33.318,44.189,36.722,3123.992,20.47643,18.18433,34.3758,40.53722,1.683542,8.677756,0.118639
620.0031,599.7497,0,36.469,33.896,41.191,34.011,2513.73,20.42907,17.75824,35.04893,37.69046,1.392014,6.982583,0.104781
620.4335,599.6856,0,36.261,34.066,37.94,33.58,2018.956,19.06208,16.98929,35.20995,35.37495,1.634583,5.608212,0.124255
620.2473,599.8107,0,36.261,34.923,35.138,31.442,1920.707,17.60942,16.27332,35.47041,33.27129,1.75875,5.335298,0.137138
620.3846,599.9084,0,36.142,34.205,36.14,31.782,1708.47,17.38681,16.52973,35.14361,34.09094,2.050486,4.745751,0.154132
620.1679,599.7802,0,34.197,30.35,53.775,36.273,1542.231,19.95232,17.13173,31.80647,47.64631,3.1325,4.283975,0.119037
620.2625,599.7711,0,30.34,28.68,60.203,53.837,1565.078,20.34074,19.93886,29.33833,57.89812,2.244168,4.347439,0.072536
620.58,599.765,0,28.65,27.47,66.945,59.562,1597.636,20.84297,19.97957,28.0507,63.74052,1.590555,4.437878,0.047973
620.4731,599.7344,0,27.49,26.658,71.609,66.602,1616.059,21.13072,20.66299,27.07089,68.75176,1.285069,4.489052,0.034873
620.3144,599.8107,0,26.678,25.846,77.949,71.636,1630.75,21.74633,21.11867,26.25855,74.80792,1.577222,4.529861,0.032095
620.2289,599.7466,0,25.846,25.286,84.054,77.972,1650.789,22.48698,21.72429,25.49025,81.6701,1.577222,4.585524,0.023307
620.2869,599.7497,0,25.426,25.294,85.516,84.054,1631.152,22.75988,22.48249,25.37336,84.87539,1.139375,4.530978,0.015707
620.1008,599.7497,0,25.566,25.184,86.632,84.966,1625.237,22.88593,22.73276,25.40254,85.5649,1.695138,4.514547,0.019487
620.2015,599.8107,0,25.204,24.915,88.512,86.636,1577.087,23.13411,22.80836,25.05579,88.133,1.103333,4.380798,0.012284
619.9481,599.7497,0,25.246,24.954,88.625,87.656,1572.394,23.19211,22.86771,25.1091,88.16553,1.390694,4.36776,0.01422
600.8608,599.7009,0.254,25.044,24.453,93.857,88.621,1582.416,23.42649,22.99693,24.84202,90.64662,1.27868,4.3956,0.010925
620.2228,599.8565,0,24.535,24.064,95.324,93.859,1599.963,23.66803,23.28132,24.34482,94.84922,0.297153,4.44434,0.003442
600.8883,599.7497,0,24.243,24.034,96.164,95.292,1548.494,23.59189,23.26851,24.1495,95.74771,0.042917,4.301371,0.003917
600.9615,599.7344,0,24.946,24.194,95.746,91.08,1647.578,23.68992,23.28256,24.60854,93.47101,0.548333,4.576607,0.007386
620.1221,599.768,0,26.718,24.946,91.3,82.168,2281.421,24.60594,22.93802,25.8715,86.94036,1.647222,6.33728,0.025402
620.0702,599.7375,0,29.958,26.588,82.277,65.039,3329.97,24.43914,22.44958,28.62742,72.31955,1.794722,9.249918,0.056844
620.2198,599.7955,0,32.338,29.57,67.605,54.366,3738.763,23.35466,21.39856,31.05815,59.94945,1.820833,10.38545,0.084451
620.2625,599.7924,0,32.699,30.74,59.046,51.435,2281.109,22.46828,20.7795,31.43142,55.24324,1.967361,6.336414,0.097275
620.1923,599.707,0,34.645,31.579,55.774,44.124,3370.636,22.75851,20.08069,33.11648,49.21045,1.342708,9.362879,0.083263
620.3389,599.7619,0,35.694,33.136,48.702,40.912,2777.157,21.57878,19.73798,34.25856,44.81498,1.45757,7.714325,0.096724
620.4304,599.7283,0,36.609,33.855,46.252,38.255,2966.299,21.77545,19.37364,35.06499,42.01957,1.667292,8.23972,0.115716
620.2778,599.8046,0,36.181,34.704,42.665,37.798,2351.835,21.0215,19.26341,35.57251,40.11289,1.461667,6.532875,0.105782
620.1557,599.7131,0,35.88,33.955,42.583,38.339,1840.176,20.31662,18.67519,34.75937,40.44299,1.847362,5.1116,0.126776
620.3633,599.8687,0,34.566,30.82,57.32,42.654,1569.845,21.48801,19.83424,31.76336,52.63562,1.244583,4.360681,0.068008
620.4701,599.8016,0,32,30.52,54.026,48.648,1529.328,21.06289,19.57827,31.47803,50.32905,2.109929,4.248132,0.086615
620.4457,599.7497,0,30.52,28.97,55.496,52.064,1522.046,19.65707,18.92836,29.72986,53.36586,2.251179,4.227904,0.081194
620.4091,599.7589,0,28.978,27.79,64.312,55.363,1540.525,20.45305,19.13993,28.26236,60.46103,0.908472,4.279236,0.034517
620.3877,599.7955,0,27.778,26.789,70.348,64.308,1585.562,20.9691,20.43809,27.2604,67.29629,0.720417,4.404339,0.023649
620.2534,599.765,0,26.818,26.116,76.66,70.32,1625.604,21.72011,20.9574,26.46516,73.58385,1.439167,4.515566,0.03171
620.348,599.7955,0,26.106,25.426,83.398,76.621,1628.588,22.45335,21.65631,25.70737,80.14344,1.079097,4.523855,0.019505
620.2411,599.7497,0,25.447,25.126,86.238,83.39,1625.909,22.74464,22.42022,25.27672,85.02116,0.555347,4.516413,0.009539
620.1679,599.7466,0,25.224,25.014,87.798,86.234,1608.099,22.89768,22.70251,25.12514,86.95065,0.554653,4.466941,0.008504
620.3267,599.826,0,25.104,24.735,89.472,87.804,1539.42,22.98244,22.86121,24.96483,88.40599,0.129583,4.276166,0.003542
620.3113,599.9237,0,24.835,24.654,90.674,89.472,1461.922,23.21342,22.9031,24.73747,90.06306,0.035556,4.060893,0.00235
620.3389,599.7344,0,24.844,24.542,92.746,90.57,1459.714,23.41552,23.13015,24.68274,91.82735,0.318125,4.05476,0.004318
620.2411,599.9207,0,24.604,24.112,93.992,92.638,1469.376,23.40502,23.06195,24.40966,93.32877,0.076736,4.081601,0.002474
620.29,599.7497,0,24.716,24.102,94.367,93.726,1517.801,23.67826,23.08021,24.39015,94.12019,0.119444,4.216115,0.004379
620.1954,599.7619,0,27.418,24.632,93.806,82.258,2174.199,24.5963,23.55566,25.68208,89.98402,0.277917,6.039442,0.007907
620.1771,599.7802,0,28.791,26.588,84.578,72.164,2178.295,24.12466,22.68429,27.36448,78.22378,0.968333,6.050818,0.026497
620.2869,599.765,0,29.51,27.728,75.164,66.012,2291.963,23.84744,22.14807,28.62623,69.99421,1.434028,6.366565,0.049034
620.2503,599.7375,0,32.408,29.279,66.777,53.224,3112.898,23.37186,21.20756,30.60468,60.13178,2.262499,8.646938,0.098393
620.1557,599.6734,0,31.42,29.34,63.4,55.332,2064.927,22.31874,21.14999,30.43175,59.3539,1.885139,5.735909,0.083711
620.2045,599.7497,0,33.855,31.35,57.494,47.404,3398.175,22.63573,20.96055,32.95502,51.13717,1.324445,9.439374,0.079327
619.9451,599.7924,0,35.513,33.046,52.537,43.814,2823.154,22.73053,20.74462,33.97925,47.71491,1.159305,7.842094,0.075257
620.4487,599.7497,0,34.704,31.439,56.519,46.644,2434.583,22.51957,20.64842,33.29477,50.66692,2.568819,6.76273,0.138895
620.2991,599.9207,0,34.794,30.119,66.388,46.011,1962.804,23.31306,20.98789,32.35561,54.93777,2.055,5.452233,0.102583
620.3419,599.8871,0,32.976,29.84,63.204,53.582,1589.189,22.68341,21.18727,31.04099,57.1424,2.24757,4.414415,0.10246
620.5464,599.8962,0,30.84,29.68,62.908,57.224,1608.757,22.17174,20.93177,30.19508,59.51705,1.806667,4.46877,0.079157
620.1679,599.7497,0,30.048,28.169,66.992,58.132,1470.142,21.60709,20.72015,29.25336,61.50262,0.946458,4.083727,0.035419
620.4701,599.7375,0,28.178,27.858,67,64.433,1493.568,21.46042,20.64973,27.97263,65.52554,0.759722,4.148799,0.026176
620.5616,599.765,0,27.938,27.399,73.086,65.101,1521.834,22.17744,20.77971,27.6874,69.44861,1.664931,4.227317,0.041511
620.3144,599.7802,0,27.399,26.738,79.086,73.054,1566.78,22.83833,22.14706,27.04719,76.27807,1.407083,4.352166,0.028572
620.3755,599.765,0,26.758,26.418,80.926,79.088,1590.499,22.99671,22.83647,26.58998,80.20849,1.672153,4.418054,0.02676
620.2747,599.7192,0,26.437,26.128,82.984,80.89,1551.555,23.06877,22.85277,26.27227,82.03047,1.105,4.309875,0.018286
600.8883,599.7497,0,26.177,25.956,84.96,82.869,1524.479,23.29304,23.04199,26.05578,84.02966,0.733472,4.234664,0.012268
620.3267,599.9268,0,26.096,25.988,85.002,84.718,1486.864,23.36753,23.27365,26.04202,84.83756,0.419653,4.130178,0.007957
620.3022,599.7009,0,26.058,25.736,86.598,84.746,1451.3,23.38212,23.25167,25.86166,85.79874,0.675903,4.031389,0.01038
620.2686,599.7527,27.43199,25.766,22.058,97.535,85.296,1517.865,23.42046,21.27567,23.62336,91.83589,1.432431,4.216292,0.01002
620.0825,599.7497,0.254,22.678,22.168,98.636,97.418,1516.018,22.45762,21.77719,22.39871,98.12514,0.000972,4.211162,0.002011
600.5677,600.0671,0,22.93,22.669,99.132,98.47,1412.978,22.79994,22.44444,22.83265,98.79855,0,3.92494,0.001898
600.5494,599.7527,0,23.872,22.86,99.785,99.102,1449.431,23.85362,22.75848,23.10365,99.41728,0,4.026196,0.003493
600.3816,599.8138,0,25.306,23.884,99.662,96.294,1822.142,24.8915,23.74023,24.36486,98.5275,0.015833,5.061507,0.004314
618.9316,599.7222,0,27.399,24.896,97.152,83.054,2648.852,25.35665,23.90994,26.4953,89.21239,0.636389,7.357921,0.012962
618.837,599.7955,0,29.84,26.957,83.976,70.164,2784.849,24.50803,23.14388,28.0889,77.92799,1.066806,7.735692,0.030443
618.8828,599.7955,0,31.298,28.88,73.777,60.384,3192.245,24.28801,22.25414,30.03,67.70316,1.277708,8.867347,0.050642
619.6642,599.7772,0,32.718,29.939,67.785,56.18,3225.333,24.12802,22.08664,31.11004,62.40736,1.539166,8.95926,0.068582
619.3926,599.8565,0,33.876,30.701,63.419,46.664,2604.667,23.56478,20.64627,32.01092,55.93612,1.016181,7.235186,0.055583
619.9969,599.8871,0,34.525,33.017,51.779,42.985,2936.115,22.35713,19.46641,33.73,46.89448,1.472916,8.155876,0.093763
620.0732,599.826,0,35.054,33.567,47.333,41.08,2358.012,21.42681,18.96792,34.32692,43.64876,1.345833,6.550034,0.091204
620.2198,599.7253,0,35.783,34.056,47.438,39.155,2384.908,22.27305,19.41317,35.03353,42.46,1.332292,6.624743,0.093192
620.1404,599.7497,0,35.253,33.806,48.432,41.166,1703.392,21.6701,19.92521,34.37128,45.02313,1.48875,4.731643,0.096
620.3267,599.8351,0,33.947,31.99,51.947,47.481,1511.033,21.579,20.40633,32.53453,50.40994,1.675973,4.197315,0.093467
620.293,599.7375,0,32,30.06,60.375,51.085,1466.963,21.57326,20.52947,31.07135,55.527,1.638472,4.074897,0.064269
620.403,599.8107,0,30.07,28.84,63.006,59.984,1508.574,21.66203,20.87956,29.38504,61.89759,2.048611,4.190484,0.061957
620.0732,599.7527,0,28.859,27.829,70.316,62.64,1556.361,22.07882,21.0344,28.43979,66.30401,1.727639,4.323225,0.047777
620.1526,599.7955,0,27.848,27.058,76.646,69.664,1608.573,22.62696,21.74211,27.42979,72.80463,1.759375,4.468257,0.038337
620.2717,599.7222,0,27.078,26.636,80.468,76.707,1624.649,23.09301,22.64192,26.84423,78.78407,1.100764,4.512914,0.021596
620.1893,599.7192,0,26.678,25.666,87.73,80.449,1597.942,23.57406,23.00048,26.26843,83.54065,0.391458,4.438728,0.00824
620.058,599.765,7.112002,25.817,24.173,95.83,86.744,1553.589,23.69668,22.95412,25.11427,90.65592,0.511945,4.315526,0.006263
619.9573,599.7436,2.286,24.163,23.03,97.732,95.496,1543.999,23.53177,22.55762,23.34581,96.67283,0.5125,4.288885,0.003313
619.5726,599.765,1.016,23.212,22.428,98.492,97.508,1540.66,22.91767,22.15238,22.76824,98.0219,1.092153,4.279612,0.00322
619.2003,599.7344,0.762,22.47,21.807,98.748,97.834,1572.464,22.20671,21.51934,22.00381,98.3693,0.413472,4.367955,0.002439
600.812,600.2839,0.254,22.268,21.726,98.867,98.334,1497.232,22.06219,21.50045,22.06508,98.52817,0.044097,4.158977,0.00202
600.7143,600.1129,4.572,21.716,21.266,99.16,98.344,1404.684,21.50378,21.07632,21.45559,98.87821,0.033611,3.901901,0.001887
600.8242,600.2991,3.556,21.968,21.546,99.621,99.008,1415.862,21.90808,21.41617,21.7533,99.33199,0,3.93295,0.003392
600.8333,600.2625,2.794,22.068,21.766,99.976,99.453,1439.475,22.068,21.69332,21.9263,99.74097,0,3.998542,0.003442
600.7296,600.2198,2.54,22.158,21.716,99.998,99.531,1500.925,22.158,21.68322,21.90376,99.87037,0.008333,4.169236,0.003562
600.6746,600.2869,1.27,22.77,22.088,99.998,99.012,1581.21,22.72882,22.06319,22.49051,99.56206,0,4.392249,0.003743
600.7967,600.2015,0,24.786,22.57,99.25,89.957,2330.705,23.41626,22.38926,23.53656,96.0024,0,6.474181,0.005326
616.7125,599.8687,0,26.628,24.564,90.136,81.554,2618.817,23.7998,22.65847,25.86872,84.91408,0,7.274491,0.006116
616.7186,599.7466,0,28.92,26.448,83.042,73,2934.63,24.40867,22.63477,27.44476,78.82018,0.012917,8.151749,0.007209
617.9823,599.8138,0,28.72,27.298,77.949,72.693,1982.256,23.68443,22.32526,27.92206,74.19678,0.018056,5.506267,0.005422
600.7387,600.1954,0,27.54,26.318,84.861,78.121,1852.629,23.98535,23.29258,26.6987,83.59722,0.630347,5.146193,0.014971
600.7997,600.2381,0,26.718,26.077,85.462,83.304,1913.629,23.8537,23.24596,26.32679,84.54984,1.425487,5.315636,0.025728
600.9677,599.9939,0,26.568,26.077,85.119,82.386,1815.911,23.78119,22.86562,26.30282,83.68198,0.849167,5.044198,0.018159
600.9158,599.9573,0,26.177,25.044,85.75,82.824,1453.909,23.12043,22.45584,25.58815,84.48674,0.144653,4.038635,0.005943
600.9341,599.9573,0,25.094,24.314,87.605,85.64,1367.287,22.56486,22.10159,24.69962,86.3149,0.635556,3.798019,0.009336
600.8425,599.9817,0,24.334,24.042,89.406,87.572,1369.03,22.28292,22.12852,24.20887,88.52906,0.285,3.802861,0.004869
600.8699,599.9695,0,24.182,23.972,89.32,87.66,1356.078,22.27956,21.82704,24.10352,88.62885,0.157847,3.766883,0.003562
600.7997,599.8962,0,24.414,23.984,87.781,84.314,1374.755,21.89938,21.44487,24.15489,86.2284,0.538125,3.818763,0.008293
600.9341,600.116,0,24.424,24.124,85.453,82.021,1356.529,21.73375,21.07444,24.29752,83.73513,0.011042,3.768136,0.002084
600.8547,600.1313,0,24.414,24.144,84.453,83.176,1348.003,21.51786,21.2171,24.25636,83.86829,0.044792,3.744452,0.002602
600.815,599.9939,0,24.324,23.964,86.449,84.271,1345.58,21.73653,21.44594,24.17072,85.37016,0.025278,3.737722,0.002247
600.6929,600.2411,0,24.042,23.762,87.978,85.822,1341.416,21.7503,21.41966,23.91956,86.46141,0.05375,3.726154,0.002575
600.9249,600.3999,0,23.752,23.02,91.441,87.955,1329.324,21.76265,21.42378,23.34993,89.9216,0,3.692568,0.001841
600.9219,599.8412,0,23.161,22.93,93.852,91.462,1344.893,22.12864,21.55091,23.03622,93.05225,0,3.735814,0.001843
600.3358,599.7985,0,23.302,23.1,95.268,93.794,1353.359,22.5038,22.10285,23.16203,94.47939,0,3.75933,0.00185
600.0854,599.8412,0,23.322,22.659,97.406,95.111,1356.496,22.59726,22.23947,23.09471,96.20511,0,3.768045,0.001846
600.8975,599.7955,0,23.652,22.529,97.648,91.4,1477.029,22.30603,22.0218,22.98492,95.00982,0.061528,4.102859,0.003862
618.0189,599.826,0,24.353,23.602,91.486,90.226,1683.259,22.77642,22.04062,23.98676,90.71675,0.385278,4.675718,0.007487
618.0311,599.8871,0,24.724,23.812,92.474,89.193,1717.061,22.9764,22.29332,24.26813,90.64069,0.952986,4.769614,0.01245
618.2875,599.7497,0,26.318,23.782,90.82,81.086,2337.378,23.20065,21.95758,24.79568,86.76543,1.232361,6.492716,0.020632
618.2357,599.765,0.254,27.97,25.204,88.798,75.271,2722.087,23.9064,22.37357,26.6069,80.7529,1.719652,7.561352,0.037718
600.986,599.7955,0.254,26.498,24.453,92.714,83.556,2624.509,24.91896,22.70549,25.26925,88.28104,2.022084,7.290301,0.027234
618.8217,599.8107,0,27.919,26.136,91.062,74.91,3249.58,25.09434,22.42104,26.82739,81.51475,1.978056,9.02661,0.041678
619.3254,599.7009,0,29.82,26.918,78.808,68.148,3572.8,24.49218,22.30228,28.34858,73.42432,1.969653,9.924443,0.059157
619.8596,599.8474,0,30.49,28.75,70.714,60.296,3014.732,23.43587,21.63315,29.6024,65.70231,1.597847,8.374254,0.063078
619.8657,599.9054,0,31.34,29.189,65.226,57.812,2417.495,23.41701,21.57346,30.36546,61.33166,1.264445,6.715263,0.057469
620.3236,599.7497,0,30.978,29.388,63.392,58.332,1696.368,22.50957,21.29349,30.16411,60.82487,0.994722,4.712134,0.045911
620.1649,599.8107,0,30.18,28.13,67.018,60.324,1421.882,21.95052,21.23225,28.94209,64.22011,1.388333,3.949671,0.054515
620.1435,599.7497,0,28.188,27.136,70.203,66.184,1348.095,21.52753,21.18482,27.60517,68.51461,0.580625,3.744709,0.019199
600.9432,599.8718,0,27.158,26.378,75.344,70.023,1390.107,21.71375,21.21419,26.76207,72.95,0.447083,3.861409,0.013478
619.9664,599.7344,0,26.398,25.736,80.434,75.218,1434.703,22.14803,21.45243,26.0373,76.62553,0.411389,3.985286,0.01106
620.2015,599.7466,0,25.736,23.972,89.781,80.46,1507.615,22.50296,22.13603,24.79595,86.2799,1.265625,4.18782,0.015097
620.1771,599.7955,0,23.984,23.331,90.928,88.934,1549.33,22.23519,21.76769,23.62243,89.71676,1.133334,4.303695,0.010633
620.1038,599.7497,0,23.35,23.08,92.502,90.922,1531.609,21.88587,21.73635,23.17205,91.89335,0.41625,4.254469,0.004881
619.9969,599.7955,0,23.292,23.132,93.468,92.474,1487.268,22.16489,21.87049,23.20079,93.00602,0.029792,4.131301,0.002197
600.9127,599.7497,0,23.212,23.06,94.126,93.367,1440.393,22.2021,22.00989,23.13301,93.88764,0.017986,4.001092,0.002049
600.8944,599.8107,0,23.26,23.07,94.924,93.966,1432.681,22.3067,22.17162,23.16327,94.46935,0.025903,3.97967,0.002068
600.1496,599.7497,0,23.161,22.97,95.818,94.832,1384.193,22.32976,22.21911,23.05602,95.25584,0,3.84498,0.00188
600.8975,599.7497,0,22.99,22.57,97.123,95.781,1345.412,22.32237,22.08861,22.81639,96.42018,0,3.737257,0.00183
600.0702,599.7344,0,22.65,22.238,98.35,97.027,1326.574,22.2421,21.97546,22.47599,97.70529,0,3.684929,0.0018
600.8944,599.7344,0,22.75,22.158,99.066,98.348,1379.85,22.58601,21.93526,22.28985,98.79392,0,3.832916,0.003337
619.2338,599.7955,0,24.915,22.699,98.8,85.758,1746.698,22.93581,22.21193,23.52093,94.60625,0.270347,4.851938,0.005507
619.1636,599.8016,0,26.796,24.684,86.121,74.762,2492.683,22.50104,21.51177,25.80237,79.86733,1.805971,6.924119,0.039607
619.5177,599.7222,0,28.84,25.976,78.619,64.726,2900.961,23.08472,20.99457,27.55654,71.32246,1.633193,8.058225,0.052555
619.8199,599.8046,0,30.74,28.298,67.31,54.554,3432.261,22.07866,20.28969,29.46518,60.98802,1.935417,9.534058,0.083667
620.0214,599.71,0,31.08,29.798,59.716,53.142,2980.845,21.50439,19.88173,30.50047,55.49282,2.011945,8.280126,0.098454
619.8993,599.6856,0,32.258,30.138,59.025,48.387,2857.778,21.57689,19.23092,31.3307,52.20003,1.431042,7.938271,0.079774
619.8413,599.9023,0,32.927,30.83,54.088,46.439,2744.811,21.27102,19.38915,31.87726,49.83319,1.236041,7.624475,0.074026
620.1069,599.7985,0,33.448,31.728,52.154,44.753,2066.609,21.31528,19.63888,32.3828,48.51733,1.174236,5.740581,0.071656
600.9646,599.768,0,33.517,31.509,50.9,45.371,1649.112,20.69761,19.40897,32.05489,48.78542,0.619375,4.580866,0.039998
620.1069,599.9176,0,31.928,29.109,62.779,47.392,1513.216,21.50756,19.22728,30.34054,56.44056,2.075208,4.203379,0.095787
620.1923,599.8718,0,29.978,28.47,64.738,59.479,1514.904,21.80587,21.06237,29.39891,62.21859,2.473124,4.208068,0.095318
620.1771,599.7344,0,28.548,27.478,67.113,61.582,1396.463,21.20269,20.29739,27.90608,64.85545,1.705834,3.879064,0.048504
620.2289,599.7375,0,27.7,26.758,73.199,65.822,1455.641,21.5895,20.72969,27.36017,68.34071,2.29736,4.043447,0.052578
600.9829,599.8871,0,26.768,25.746,76.476,73.14,1514.469,21.8856,21.24474,26.20107,75.55331,1.560556,4.206859,0.030822
619.9176,599.8412,0,26.058,25.056,85.058,76.314,1578.758,22.49551,21.51415,25.69935,79.94976,2.503958,4.385438,0.033892
620.0916,599.8046,0,25.036,24.314,86.539,79.936,1624.619,22.42489,20.77268,24.48904,83.79605,1.974375,4.512829,0.023197
619.652,599.7344,0,24.703,24.424,80.283,77.875,1504.344,20.91614,20.55926,24.56563,78.96282,1.761946,4.178734,0.027624
619.8566,599.7497,0,24.564,24.253,82.174,78.976,1424.186,21.05506,20.66049,24.37097,80.5948,0.133958,3.956072,0.004497
600.9127,599.7924,0,24.263,24.003,84.236,82.14,1382.675,21.2406,21.02459,24.15128,83.13707,0.009931,3.840765,0.002102
600.0732,599.7833,0,24.042,23.652,87.46,84.176,1353.482,21.72234,21.15694,23.90405,85.65546,0,3.759673,0.001891
600.0702,599.826,0,23.912,23.692,88.119,87.458,1345.778,21.76367,21.51193,23.77443,87.82764,0,3.738272,0.001872
620.1282,599.8565,0,24.234,23.903,90.994,87.488,1337.269,22.54741,21.72868,24.10346,88.77171,0.005069,3.714637,0.001918
600.0702,599.7619,0,24.102,23.762,92.964,91.021,1338.648,22.64386,22.52766,23.913,92.17042,0.002986,3.718466,0.001872
600.8486,599.765,0,24.154,23.702,93.197,90.672,1387.151,22.6249,22.49319,23.84883,92.3863,0.018333,3.853196,0.003563
619.71,599.8596,0,25.436,24.124,90.736,83.84,1632.322,22.79988,22.47092,24.75621,87.85131,0.037153,4.534227,0.004438
619.8962,599.8565,0,27.178,25.436,83.992,77.121,2066,23.03696,22.40079,26.1097,81.23637,0.416042,5.73889,0.012883
619.765,599.8718,0,29.279,26.857,77.548,66.178,2906.201,23.15264,22.08181,28.1558,72.07198,1.035833,8.072781,0.03637
619.5055,599.6856,0,30.6,28.29,69.336,61.298,2549.941,22.92154,21.69197,29.26208,65.79203,1.189167,7.08317,0.04831
619.6398,599.7344,0,32.488,29.791,65.65,54.953,2979.363,23.23416,21.62885,30.799,60.51233,1.023124,8.276009,0.050582
620.1771,599.8107,0,33.308,31.08,59.389,52.064,2830.479,23.28926,21.23409,31.64916,56.55461,1.127847,7.862442,0.060072
619.5788,599.7497,0,33.706,31.65,55.422,49.334,2687.99,23.24561,20.5812,32.50577,52.091,1.549861,7.46664,0.086821
619.5208,599.8016,0,33.996,32.296,52.825,46.676,2419.548,22.03659,20.4166,33.18082,49.17674,1.167709,6.720967,0.072061
600.986,599.9176,0,34.105,32.06,51.811,44.863,1872.016,21.97221,20.05801,33.23843,47.65936,1.28493,5.200044,0.079357
600.9219,599.9512,0,33.955,32.688,47.652,44.436,1762.807,20.86547,19.70835,33.28395,46.08399,1.367499,4.896686,0.086074
600.9249,599.8168,0,33.546,31.858,49.103,45.55,1486.286,20.42109,19.21572,32.37297,47.51623,1.074097,4.128572,0.066224
620.0183,599.7344,0,31.938,27.388,70.285,47.375,1418.68,21.63956,19.33244,28.15965,66.18541,0.772361,3.940777,0.026066
620.1801,599.826,19.04999,27.528,22.79,96.386,68.052,1496.405,22.90442,20.99983,24.81766,85.70924,1.078125,4.15668,0.014078
600.9371,599.9573,0,23.622,22.96,96.386,94.486,1627.209,22.89479,22.33302,23.39747,95.41774,0.425764,4.520026,0.003695
600.7173,600.2595,0,23.612,23.1,96.586,95.619,1499.856,23.02542,22.48347,23.34679,96.24132,0.034514,4.166267,0.002122
600.7509,599.9359,0,23.331,23.01,97.836,95.949,1441.024,22.94626,22.39283,23.17812,97.08151,0,4.002844,0.00194
600.7692,599.826,0,23.511,23.08,97.838,97.168,1419.32,23.11302,22.69127,23.33062,97.50294,0,3.942556,0.001916
600.6196,599.7344,0,23.692,23.392,98.586,97.554,1405.243,23.37327,23.00302,23.51142,98.05511,0,3.903453,0.0019
600.6166,600.3358,0,23.772,23.35,98.652,98.154,1381.844,23.54588,23.08834,23.55167,98.33879,0,3.838454,0.001873
600.6196,600.2564,0,24.064,23.642,98.796,98.363,1375.452,23.87729,23.38817,23.84915,98.5603,0,3.820699,0.001868
600.7906,600.3969,0,24.124,23.893,99.168,98.488,1371.218,24.00228,23.71611,24.02098,98.93242,0,3.80894,0.001863
600.7509,599.7497,0,24.214,23.762,99.186,97.886,1384.571,23.98558,23.56405,24.03007,98.48702,0.000972,3.846031,0.001881
600.1038,599.7344,0,24.375,24.154,98.027,97.031,1444.855,23.97707,23.68328,24.27588,97.44469,0.000764,4.013487,0.001957
600.9493,599.71,0,24.182,23.903,97.16,96.531,1522.206,23.71657,23.37938,23.9964,96.97369,0.058264,4.22835,0.003841
600.9677,599.8229,0,24.915,23.932,96.586,91.172,1995.868,23.92025,23.18641,24.49012,94.00005,0.527778,5.544077,0.00767
618.2143,599.7466,0,25.796,24.716,91.189,85.82,2147.779,23.59997,23.02926,25.21654,89.05799,1.518472,5.966053,0.020363
618.3456,599.7222,0,27.258,25.746,86.686,77.228,2307.285,23.47124,22.78047,26.4582,81.98908,1.363055,6.409124,0.029147
600.9341,599.7955,0,28.4,26.998,78.144,70.162,2386.632,23.19323,21.91028,27.60918,74.00166,1.248125,6.629534,0.038119
619.0049,599.9298,0,29.9,28.298,70.582,63.975,2489.249,23.06565,21.90782,28.74241,68.14288,1.668263,6.91458,0.059168
619.5543,599.7039,0,30.978,29.06,67.447,57.451,2306.761,22.85806,21.3511,30.09074,62.95049,1.505834,6.407669,0.063487
600.9493,599.826,0,32.748,30.75,61.082,49.483,2316.957,22.93763,19.94051,31.6602,54.52364,1.45125,6.43599,0.076373
619.8779,599.826,0,34.255,31.31,55.738,45.666,2113.777,22.90767,19.24754,32.64691,50.462,1.437638,5.871604,0.082927
619.7985,599.8718,0,34.335,32.539,48.333,42.589,1784.927,20.76408,19.02307,33.1452,45.7978,1.389792,4.95813,0.087625
619.9695,599.9084,0,33.078,32.508,49.574,41.828,1581.515,20.95192,18.16871,32.78215,47.17145,0.940625,4.393096,0.059773
620.2473,599.7985,0,34.025,32.238,44.354,41.482,1530.208,20.12205,17.61236,33.03465,42.53856,0.771806,4.250577,0.054361
620.1893,599.7924,0,32.258,30.56,48.219,41.529,1376.647,18.39511,17.5251,31.41379,44.76575,1.49257,3.82402,0.074672
600.0885,599.7375,0,30.541,28.478,58.221,48.112,1412.201,19.7072,18.28494,29.38907,53.12849,0.089028,3.92278,0.00669
620.1832,599.7131,0,29.439,28.079,68.777,53.746,1421.973,21.83039,18.67468,28.78198,59.55465,0.968472,3.949925,0.03737
620.2045,599.9451,0,28.089,26.777,75.562,68.744,1473.428,22.12405,21.70347,27.3666,72.0443,1.410208,4.092856,0.03363
620.2534,599.7497,0,26.777,25.756,82.617,75.535,1506.179,22.62172,22.09277,26.27575,78.92625,0.281528,4.18383,0.007858
600.7204,600.0183,0,25.788,25.255,86.004,82.638,1471.091,22.91582,22.57857,25.55941,84.49653,0,4.086363,0.00205
600.699,599.9207,0,25.336,24.915,88.472,86.062,1437.688,23.0225,22.77344,25.12985,87.28749,0,3.993579,0.001995
600.5464,600.0641,0,24.966,24.375,91.699,88.531,1407.814,23.11297,22.76855,24.56281,90.62404,0,3.910594,0.001941
600.5342,599.9634,0,24.404,24.194,92.498,91.668,1417.268,23.07974,22.88724,24.30364,92.18518,0,3.936855,0.001943
600.3999,600.0031,0,24.243,23.944,93.314,92.406,1424.64,22.95702,22.76623,24.06217,92.87766,0.026736,3.957333,0.002125
600.8792,599.9817,0,24.073,23.622,93.5,92.686,1436.968,22.85867,22.49829,23.83734,93.05367,0.013681,3.991578,0.002046
600.7296,599.9481,0,23.682,23.361,94.262,93.439,1388.896,22.63538,22.38862,23.54471,93.83357,0.007569,3.858044,0.00194
600.5647,599.7924,0,23.632,23.07,95.359,94.17,1450.64,22.74353,22.25125,23.25928,94.89833,0,4.029555,0.003527
620.1313,599.7558,0,26.218,23.572,94.436,82.996,1884.157,23.31056,22.62535,24.92166,88.89907,0.043681,5.233771,0.004993
620.1984,599.8748,0,28.028,26.238,82.8,71.41,2394.591,23.20926,21.83531,27.27242,75.22913,0.968541,6.651642,0.029876
620.2015,599.6612,0,29.99,27.458,72.59,61.423,2871.028,22.70731,21.39712,28.79796,66.80183,1.410486,7.975079,0.054327
620.0092,599.7344,0,31.31,28.978,65.542,56.63,2705.375,22.69418,20.85562,30.05532,60.75517,1.406667,7.514929,0.063988
619.7741,599.7955,0,32.588,30.138,59.839,50.984,2855.176,22.61771,20.25859,31.16955,55.59394,1.253542,7.931044,0.066502
620.232,599.7039,0,33.448,31.119,55.021,46.72,2603.203,22.21277,19.81093,32.25222,50.62134,1.152708,7.231118,0.068831
620.2473,599.8962,0,34.765,31.509,52.484,42.327,2599.361,22.05332,18.61024,33.09421,46.99172,1.138611,7.220448,0.073607
620.2167,599.8199,0,35.103,32.418,45.634,37.876,2792.393,20.49089,17.91263,33.97992,41.81471,1.305972,7.756646,0.092038
619.9603,599.8168,0,34.945,33.107,45.124,39.38,1789.067,20.31347,18.22427,33.75824,41.71365,1.27375,4.969632,0.087729
620.2564,599.765,0,34.704,33.017,43.052,38.721,1635.361,19.45474,17.74252,33.63025,40.87297,0.755,4.542671,0.055445
619.823,599.9023,0,33.117,31.928,44.029,40.852,1454.629,18.67445,17.67967,32.52926,42.50621,0.270972,4.040636,0.022044
600.8853,599.7222,0,31.928,30.1,50.87,42.882,1445.352,19.08809,17.67755,31.09395,46.31581,0.011806,4.014868,0.003004
620.2381,599.7955,0,30.59,28.439,61.314,48.625,1427.559,20.66349,18.33739,29.54361,56.89559,1.860903,3.965441,0.065665
620.1526,599.7344,0,28.458,27.358,64.218,60.958,1482.86,20.27499,19.8868,27.88345,62.46365,1.692708,4.119056,0.051481
620.2076,599.7955,0,27.388,26.128,71.008,63.843,1517.451,20.59247,19.90222,26.74687,67.63508,1.173334,4.215142,0.033397
620.0427,599.8748,0,26.136,25.486,73.938,70.84,1456.365,20.59717,20.37086,25.82157,72.38971,0,4.045458,0.002089
620.1313,599.765,0,25.656,25.246,76.488,73.762,1462.684,21.00288,20.50763,25.47164,75.17519,0.462292,4.063011,0.012593
620.1649,599.7894,0,25.596,25.175,84.102,76.488,1504.041,22.35255,20.99831,25.44796,79.8697,0.588334,4.177892,0.012602
620.2625,599.71,0,25.346,24.954,87.617,84.102,1528.808,22.84351,22.31577,25.14485,86.36539,0.642847,4.246689,0.009631
600.8944,599.7344,0,24.946,24.604,90.044,87.546,1555.896,22.94263,22.71321,24.83038,88.78781,0.463333,4.321932,0.006687
619.8107,599.7497,0,24.604,23.762,92.558,90.042,1430.925,22.92447,22.48872,24.15886,91.4017,0,3.974791,0.001961
600.4792,599.7344,0,23.903,23.652,94.773,92.546,1381.206,22.95682,22.45475,23.79659,93.61903,0,3.836684,0.001891
600.4945,599.7344,0,23.972,23.592,96.082,94.246,1391.237,23.13967,22.82891,23.78631,95.18385,0,3.864546,0.001897
600.9982,599.8199,0,24.273,23.452,96.908,95.75,1450.33,23.63743,22.88004,23.76909,96.33779,0,4.028694,0.003528
620.0916,599.7253,0,26.918,24.253,95.982,83.916,2048.171,24.76502,23.30306,25.64196,90.85032,0.31757,5.689364,0.007743
620.1282,599.8107,0,27.829,26.128,84.328,75.398,1997.113,23.54859,22.7092,27.07692,78.93525,1.018959,5.547535,0.026306
619.9817,599.8107,0,30.18,27.268,77.871,65.783,2426.819,23.55109,22.50094,28.41053,72.32024,1.486319,6.741163,0.04706
620.1923,599.6856,0,31.17,29.451,67.136,61.031,2454.043,23.76085,21.98288,30.16831,64.26974,1.673541,6.816787,0.067495
622.9731,599.7619,0,32.738,29.68,64.695,54.257,2273.014,23.54533,21.52888,30.90673,60.17281,1.470348,6.313928,0.067352
620.1282,599.7375,0,33.706,30.951,59.257,49.414,2384.992,23.00373,20.92511,32.0307,54.91909,1.299931,6.624977,0.069453
619.7985,599.8138,0,34.972,32,54.664,45.136,2536.672,22.96859,20.64149,33.14053,50.54712,1.493125,7.04631,0.087139
620.3267,599.7405,0,35.841,33.397,50.582,42.566,2633.539,22.51444,20.39074,34.31533,46.65277,1.240416,7.315386,0.081234
620.3206,599.7497,0,33.706,31.888,57.42,46.771,1637.169,22.76694,20.33332,32.5882,51.44824,1.632986,4.547692,0.089841
619.8596,599.7314,29.46399,32.457,24.263,94.451,51.887,1364.487,23.52017,21.01818,27.49817,76.44397,1.045347,3.790241,0.028402
619.8718,599.8168,3.302,24.806,23.893,95.468,93.546,1583.178,24.01075,22.91075,24.36159,94.69363,0.085486,4.397716,0.004265
619.3926,599.9451,0.762,24.434,23.592,96.338,94.808,1615.061,23.63026,22.91356,23.97425,95.6965,0.069444,4.486279,0.002412
600.9585,599.9176,0.254,23.922,23.612,96.162,94.992,1588.263,23.23759,22.90077,23.7879,95.61926,0.003264,4.411841,0.002133
618.9194,599.9146,6.350001,24.112,23.331,97.586,94.859,1593.285,23.38093,22.8867,23.77586,96.23988,0,4.425792,0.002124
618.5043,599.768,0.254,23.532,23.151,97.804,96.878,1568.641,23.1491,22.67074,23.37077,97.39548,0.001528,4.357337,0.002089
600.931,599.8718,3.809999,23.331,22.84,97.488,96.195,1505.241,22.85399,22.32733,23.02882,97.01843,0,4.181226,0.002011
600.9036,599.8596,0.762,23.441,22.94,96.636,94.115,1530.714,22.86839,22.19586,23.2275,95.58044,0,4.251983,0.002047
600.7234,600.1129,1.27,23.331,23.1,97.422,96.441,1450.905,22.90324,22.62247,23.20843,97.11786,0,4.030292,0.001951
600.6807,600.3846,5.334001,23.402,23.03,98.744,96.758,1407.987,22.98836,22.61934,23.23233,97.57031,0,3.911076,0.001901
600.8792,599.8718,13.208,23.132,22.81,99.998,98.771,1450.529,22.99,22.81,22.96576,99.52889,0.003264,4.029246,0.001939
617.3199,599.826,9.398001,22.87,22.71,99.998,99.998,1492.142,22.87,22.71,22.77713,99.99786,0.000972,4.144839,0.001982
605.3297,599.7375,8.636002,22.81,22.268,99.998,99.998,1491.646,22.81,22.268,22.61484,99.99786,0.000764,4.143462,0.001979
600.8394,599.7497,7.366002,22.439,22.108,99.998,99.998,1471.681,22.439,22.108,22.25412,99.99786,0,4.088004,0.001952
616.6972,599.7589,4.572,22.57,22.248,99.998,99.998,1430.947,22.57,22.248,22.38049,99.99786,0,3.974853,0.003435
616.3676,599.7833,0.762,22.689,22.418,99.998,99.998,1556.779,22.689,22.418,22.53161,99.99786,0,4.324387,0.003692
616.3553,599.7802,0,23.11,22.148,99.998,99.822,2011.114,23.11,22.148,22.52286,99.9968,0.01375,5.586428,0.004603
600.8394,599.6978,0.254,24.514,22.95,99.998,89.568,2552.446,23.6436,22.29648,23.74257,96.13615,0,7.090128,0.00579
600.9799,599.9023,0.762,25.447,24.163,89.957,83.51,2083.276,22.89087,22.21245,24.95397,86.18766,0.003542,5.786877,0.004992
616.6545,599.8138,3.048,26.418,23.672,95.218,83.882,2275.805,23.87611,22.28223,24.7592,90.92744,0,6.32168,0.005302
616.2027,599.7924,0,27.708,26.136,84.978,77.816,2528.631,23.95353,22.81314,26.85238,80.93849,0.0025,7.023976,0.006052
617.2131,599.884,0,28.29,26.938,79.988,73.186,2656.667,24.14645,22.11161,27.55519,76.4939,0.605764,7.379631,0.020983
618.3273,599.8412,0,29.298,27.56,76.506,67.57,2438.233,23.80548,22.02324,28.70456,71.14516,0.843611,6.772871,0.031277
618.3853,599.8871,0,29.07,27.659,73.636,69.43,1678.707,23.37606,22.085,28.14997,71.7841,1.32875,4.663075,0.042017
600.9493,599.8016,0,28.29,27.117,75.738,71.566,1550.353,23.1976,22.25228,27.79515,73.62766,0.576736,4.306535,0.019817
618.6844,599.9329,0,27.227,26.588,77.328,74.304,1436.777,22.53668,21.95175,26.81651,75.84944,0.458611,3.991046,0.015107
618.8584,599.8993,0,26.777,25.196,86.102,76.613,1387.28,22.92416,22.06208,25.91997,81.7318,0,3.853555,0.001967
600.3907,600.0549,0,25.416,24.604,90.46,86.128,1394.781,23.35152,22.54628,24.96264,88.90089,0,3.874392,0.001937
600.3877,600.0793,0,25.426,24.453,92.144,86.836,1418.328,23.37185,22.47058,24.77084,90.57925,0,3.939801,0.001956
600.351,600.1313,0,24.625,24.182,96.214,91.703,1399.524,23.68391,22.97328,24.41318,94.08324,0,3.887568,0.001917
600.3602,600.0366,0,24.182,23.893,97.058,96.132,1403.592,23.69358,23.25584,24.06283,96.60082,0,3.898865,0.001909
617.9792,599.8199,0,24.334,23.812,96.25,94.023,1561.797,23.35917,23.09353,24.13326,94.45541,0.115764,4.338325,0.002671
617.7106,599.7741,0,24.304,23.972,95.976,94.246,1699.719,23.41278,23.26779,24.09475,95.44742,0.482847,4.721442,0.003984
617.6588,599.826,0,24.102,23.893,96.324,95.68,1620.915,23.42725,23.24723,24.01221,95.92378,0.505069,4.502542,0.003752
600.9097,599.8871,0,24.083,23.903,96.324,95.73,1614.581,23.42576,23.23857,23.97297,96.05209,0.412639,4.484948,0.003432
617.5275,599.7833,0,24.073,23.792,97.266,96.006,1483.487,23.44323,23.29057,23.94593,96.51208,0,4.120799,0.001999
600.0854,599.9176,0,23.932,23.511,98.762,97.238,1416.541,23.51554,23.27391,23.71148,97.99466,0,3.934835,0.001915
600.0702,599.8412,0,23.582,23.371,99.636,98.73,1371.994,23.49158,23.25587,23.48219,99.20947,0,3.811094,0.001858
600.2228,599.7497,0,23.752,23.511,99.957,99.535,1444.144,23.752,23.45926,23.6336,99.77133,0,4.011512,0.003491
600.8608,599.7802,0,24.453,23.622,99.886,95.822,1586.581,24.19667,23.5922,24.02569,98.64664,0,4.407168,0.003799
616.6697,599.7375,0,25.927,24.424,96.029,87.05,1882.048,24.03079,23.34861,25.28497,91.01871,0.744514,5.22791,0.010932
617.2833,599.7497,0,27.82,25.927,88.283,79.976,2296.524,24.45556,23.34136,26.61322,84.14312,1.386806,6.379232,0.026641
616.6606,599.6887,0,29.83,26.848,81.546,69.951,2622.68,24.63321,23.22224,28.00246,78.12292,1.264305,7.285222,0.033929
618.1075,599.8596,28.70198,30.4,23.212,95.796,68.414,1970.921,24.56039,22.4873,26.96193,81.83028,1.35868,5.474781,0.028888
600.8853,599.9329,7.366002,27.078,22.97,96.494,86.71,2850.235,25.29061,22.25246,24.71096,93.30453,1.038125,7.917319,0.012776
617.1917,599.8412,0,30.138,26.546,87.812,69.632,3934.222,25.19158,23.48047,28.05471,80.03349,0.617153,10.92839,0.021759
618.3608,599.9329,0,31.18,26.748,81.039,66.668,2392.584,25.35454,22.55042,28.72601,74.70771,1.363959,6.646067,0.040727
618.95,599.7222,0,27.63,24.523,89.199,78.656,1579.976,24.17642,22.32219,25.30699,86.64202,2.171668,4.388823,0.029973
618.7759,599.8382,0,24.786,24.112,93.402,87.744,1583.301,23.37265,22.38007,24.35723,90.93686,0.745139,4.398057,0.010253
618.6874,599.8871,0,24.613,24.054,95.808,92.672,1606.858,23.50642,23.11434,24.34163,94.13756,0.922291,4.463494,0.008868
618.2845,599.9329,5.334001,24.182,23.622,98.302,95.703,1557.967,23.55817,23.31236,23.9134,97.01531,0.167431,4.327685,0.002479
617.967,599.8229,6.350001,23.672,22.689,99.4,98.246,1456.866,23.47589,22.55302,23.17423,98.84612,0.102569,4.04685,0.002014
600.3327,599.8412,3.302,22.8,22.509,99.562,98.957,1409.647,22.72331,22.37785,22.64787,99.27485,0.005347,3.915687,0.001891
600.8211,599.9329,2.032,22.94,22.678,99.968,99.332,1402.188,22.93221,22.59315,22.81705,99.65015,0.000764,3.894966,0.001883
600.2167,599.9725,0.762,22.93,22.699,99.998,99.838,1378.867,22.93,22.69781,22.84393,99.98695,0,3.830187,0.001856
600.6319,599.9023,0.254,22.9,22.48,99.998,99.998,1362.935,22.9,22.48,22.70245,99.99786,0,3.78593,0.001836
600.6044,599.7589,0.254,22.669,22.48,99.998,99.998,1372.047,22.669,22.48,22.56127,99.99786,0,3.81124,0.001845
600.3999,599.7466,0.254,22.8,22.439,99.998,99.998,1397.602,22.8,22.439,22.64833,99.99786,0,3.882228,0.001874
600.931,599.8016,0.254,22.81,22.579,99.998,99.998,1379.301,22.81,22.579,22.70107,99.99786,0.01,3.831393,0.001849
600.3144,599.765,0.508,22.92,22.63,99.998,99.998,1441.063,22.92,22.63,22.82284,99.99786,0,4.002954,0.001925
615.9005,599.9023,0.508,22.9,21.505,99.998,98.796,1492.625,22.9,21.36516,21.80383,99.48347,0.382431,4.14618,0.00195
616.4255,599.7802,0,21.788,21.526,99.58,99.016,1514.122,21.72041,21.38713,21.68322,99.29947,0,4.205895,0.001992
600.812,600.2228,0,22.048,21.546,99.703,99.018,1585.042,21.96515,21.4849,21.72826,99.51864,0,4.402894,0.003727
600.7418,599.7802,0,25.376,22.027,99.328,88.016,2351.784,23.50876,21.92271,23.38707,95.70426,0,6.532734,0.005364
615.2686,599.6978,0,25.897,24.794,90.154,85.09,2161.675,23.54547,22.79852,25.18644,88.19347,0.190139,6.004652,0.00734
614.939,599.71,0,26.838,25.075,89.724,83.404,2092.514,23.9764,23.01096,25.85626,86.79206,0.857153,5.812539,0.016023
614.4292,599.8412,0,28.609,26.437,85.012,72.758,2474.323,24.51033,22.75392,27.59557,78.8091,1.538542,6.873118,0.037817
615.406,599.765,0,29.33,27.88,75.636,69.02,2286.597,23.67292,22.67663,28.57911,72.62152,1.444861,6.351659,0.045405
618.2601,599.7222,0.254,31.08,25.406,84.586,62.906,2617.159,24.43201,22.20719,29.30754,69.7372,2.096112,7.269885,0.069044
600.9738,599.881,0.254,30.609,25.646,83.798,64.865,2977.751,24.47298,22.31944,28.83283,72.44244,1.851389,8.27153,0.057535
618.2357,599.8871,0,29.76,28.609,74.65,63.987,1743.034,24.09598,21.80607,29.21563,68.90869,1.6025,4.84176,0.054955
618.55,599.9207,0,29.1,28.06,75.357,69.808,1617.654,23.709,22.81856,28.54139,72.86491,1.383125,4.493484,0.042094
618.7729,599.9084,0,30.43,28.359,73.773,63.837,1666.744,23.65272,22.41263,28.91835,70.9602,1.005833,4.629843,0.034607
619.3956,599.8718,38.09998,30.16,22.52,96.044,63.921,1501.749,23.35271,21.34758,27.76428,72.41345,1.326458,4.171525,0.04047
619.3071,599.7955,33.782,22.689,22.289,99.998,96.092,1539.547,22.689,21.86171,22.5067,98.94366,0.115903,4.276518,0.002089
600.928,599.9115,3.048,22.73,22.378,99.998,99.824,1620.588,22.73,22.378,22.52442,99.99242,0.005278,4.501634,0.002119
600.6288,600.2137,0.254,22.65,21.807,99.998,99.998,1574.732,22.65,21.807,22.3919,99.99786,0,4.374257,0.002069
600.931,599.826,0.254,22.57,21.968,99.998,99.998,1624.38,22.57,21.968,22.29148,99.99786,0,4.512168,0.002123
600.3602,599.7497,0,22.509,22.328,99.998,99.998,1604.166,22.509,22.328,22.42262,99.99786,0,4.456016,0.002102
600.3969,599.9329,0,22.659,22.328,99.998,99.998,1570.787,22.659,22.328,22.4923,99.99786,0,4.363298,0.002066
600.4121,599.7955,0,22.619,22.409,99.998,99.998,1494.478,22.619,22.409,22.53392,99.99786,0,4.151327,0.001981
600.6411,599.8138,0,23.05,22.57,99.998,99.998,1472.934,23.05,22.57,22.84074,99.99786,0,4.091483,0.001961
600.6319,600.2839,0,23.171,22.97,99.998,99.998,1453.374,23.171,22.97,23.08452,99.99786,0,4.03715,0.001943
600.6196,599.9176,0,23.271,22.99,99.998,99.998,1450.287,23.271,22.99,23.12748,99.99786,0,4.028576,0.00194
615.8425,599.71,0,23.322,23.11,99.998,99.998,1563.099,23.322,23.11,23.18965,99.99786,0,4.341942,0.002068
600.8455,599.7589,0,23.322,23.03,99.998,99.998,1629.626,23.322,23.03,23.18904,99.99786,0.006944,4.526739,0.002139
600.0702,599.7344,0,23.532,22.87,99.998,99.998,1677.794,23.532,22.87,23.05509,99.99786,0,4.660538,0.003952
614.3651,599.7344,0,25.014,23.511,99.998,96.41,2387.719,24.65154,23.511,24.16059,99.38001,0.288194,6.632552,0.005529
614.3804,599.765,0,27.598,24.774,96.752,81.074,2913.394,24.77106,23.56795,26.16888,88.34962,1.14257,8.09276,0.019425
613.4188,599.7192,0,28.35,26.636,84.322,75.168,2973.556,24.27908,22.79313,27.51369,79.30073,1.580001,8.259878,0.038763
614.5879,599.7558,0,29.26,27.7,77.632,68.878,2836.263,23.94732,22.40129,28.43516,73.25665,2.192014,7.878509,0.063301
615.464,599.7375,0,30.859,29.17,70.634,61.312,3215.604,23.88449,21.82393,29.96291,65.98125,2.320832,8.932232,0.08588
616.4408,599.826,0,32.277,29.939,66.574,55.564,2879.315,23.96891,21.39556,30.99072,60.97453,1.395972,7.998098,0.0646
618.2997,599.7497,0,32.908,30.93,60.008,50.461,2745.249,23.01717,20.70938,31.80099,55.3633,1.709791,7.625692,0.087514
619.127,599.8718,0,33.448,30.97,58.924,48.001,2479.479,22.60515,20.53402,32.10379,53.856,1.547361,6.887442,0.082749
619.6765,599.9359,0,33.657,31.598,54.413,45.432,2123.387,22.02745,19.91533,32.52282,50.08182,1.376181,5.898296,0.080265
619.9512,599.7497,0,33.487,31.458,52.166,45.093,1814.655,21.42873,19.46047,32.33586,49.09684,1.682152,5.040709,0.096499
620.174,599.9329,0,31.499,27.768,72.594,50.773,1634.166,22.90096,20.06311,28.88799,68.25992,0.971597,4.539351,0.036315
620.0825,599.7924,0,27.768,26.327,77.262,71.201,1609.085,22.25953,21.75618,26.93294,74.19534,0.498056,4.469682,0.014331
619.9573,599.7863,0,26.346,25.586,80.838,77.199,1606.733,22.28486,21.97962,25.89744,79.48006,0.023056,4.463148,0.002716
600.9432,599.9451,0,25.686,25.126,83.16,80.636,1612.352,22.19906,21.99636,25.4034,81.84949,0.002569,4.478755,0.002271
600.7234,599.8748,0,25.236,24.613,87.258,82.938,1601.729,22.38197,22.08045,24.948,84.62222,0,4.449248,0.002194
619.8107,599.9207,0,24.774,24.472,89.777,87.254,1613.891,22.98378,22.35645,24.59453,88.41444,0.013056,4.483029,0.002335
619.7741,599.8412,0,24.794,24.434,92.953,89.804,1681.303,23.33654,22.96278,24.6019,91.4124,0.070139,4.670285,0.002821
619.8718,599.7344,0,24.574,24.292,95.014,92.939,1787.172,23.56784,23.27162,24.46526,94.09319,0.050069,4.964366,0.002632
619.7375,599.7497,0,24.554,24.324,95.35,94.324,1726.758,23.65294,23.425,24.42707,94.67639,0.013611,4.79655,0.002357
619.6887,599.7009,0,24.404,23.993,96.854,95.32,1636.801,23.64782,23.46943,24.18677,96.09488,0.009444,4.54667,0.002212
619.6398,599.8107,0,24.124,23.932,97.188,95.615,1592.645,23.54462,23.26438,24.00862,96.52316,0.010139,4.424015,0.002155
619.3956,599.9329,0,23.984,23.552,97.312,95.574,1527.969,23.30387,22.8602,23.7558,96.61181,0.008194,4.244359,0.002071
619.3987,599.7344,0,24.214,23.572,95.604,83.424,1583.972,22.89463,21.16077,23.96597,87.95472,0.037639,4.399922,0.00258
619.2979,599.7344,0,24.154,23.993,85.682,83.613,1512.682,21.57133,21.15591,24.0652,84.85357,0.043194,4.201893,0.004393
619.3346,599.826,0,26.218,24.154,85.371,76.836,2139.737,22.3148,21.49521,25.04598,82.33445,1.365555,5.943714,0.027655
619.2613,599.8107,0,27.528,25.736,78.642,70.992,2129.051,22.30078,21.16252,26.48481,75.22662,1.658542,5.914032,0.044355
619.0934,599.7192,0,29.701,27.409,72.214,60.132,2713.352,22.56788,20.41882,28.53106,66.89503,1.672916,7.53709,0.061633
619.8505,599.8077,0,30.57,28.57,65.689,58.841,2792.93,22.78758,20.73658,29.33855,62.56879,1.941458,7.75814,0.079309
619.3956,599.8351,0,31.38,29.74,63.488,52.367,3184.608,22.37525,19.97602,30.70384,56.06167,2.057431,8.846132,0.099887
619.652,599.765,0,32.199,30.619,57.302,48.644,3068.198,21.63034,19.64076,31.27509,53.12172,2.367362,8.522773,0.12035
619.6276,599.765,0,32.789,31.38,54.382,45.994,2876.148,21.5122,19.02323,32.12992,49.19025,1.904722,7.989301,0.10926
619.6185,599.7344,0,33.397,31.35,51.524,43.255,2509.132,21.39795,18.25783,32.28096,47.66204,1.715416,6.96981,0.1022
619.6673,599.9084,0,33.677,31.298,48.789,42.388,2294.199,20.56694,18.30407,32.5446,45.77425,1.750764,6.372774,0.107591
620.0916,599.7344,0,33.845,31.18,49.675,42.275,1897.238,20.67053,18.40772,32.44692,45.65565,1.591945,5.270105,0.098234
620.1526,599.7497,0,32.768,31.22,47.789,43.418,1716.64,19.34354,18.15714,31.86285,45.92455,0.772014,4.768445,0.050925
620.235,599.9207,0,31.41,28.701,56.655,46.39,1651.632,19.29925,18.27236,29.85161,51.71033,0.067431,4.587867,0.006048
620.1954,599.7619,0,29.701,27.428,64.345,52.5,1640.346,20.12842,18.79156,28.87551,56.4884,0.0775,4.556517,0.006048
620.0519,599.7985,0,27.458,26.758,70.938,63.865,1632.441,21.40242,19.88553,27.18207,66.7923,0.207569,4.534557,0.009288
620.116,599.7772,0,27.068,25.886,80.867,70.968,1673.109,22.38067,21.36739,26.53178,76.33723,0.636458,4.647525,0.015907
620.0916,599.8718,0,25.878,25.075,85.238,80.894,1707.809,22.46641,22.32707,25.47198,82.96778,0.540278,4.743913,0.010511
620.0214,599.7985,0,25.114,24.625,89.754,85.234,1665.615,22.88326,22.43769,24.83064,87.63882,0.440278,4.626708,0.007069
600.9463,599.8107,0,24.674,24.214,93.128,89.73,1665.053,23.0882,22.87074,24.4191,91.41794,0.382639,4.625147,0.005088
600.8608,599.7497,0,24.304,24.154,94.166,93.102,1542.423,23.22374,23.07368,24.23755,93.57829,0.00875,4.284509,0.002134
600.9005,599.7344,0,24.234,23.964,95.523,94.164,1439.701,23.27896,23.17425,24.08496,94.80511,0,3.99917,0.001957
600.8516,599.9023,0,24.064,23.852,96.455,95.46,1431.715,23.34134,23.18541,23.93466,95.93058,0,3.976986,0.001942
600.8944,599.7955,0,23.912,23.712,96.844,96.363,1422.764,23.36238,23.17899,23.82471,96.59655,0,3.952122,0.001928
600.8028,599.7589,0,23.762,23.312,97.018,96.228,1404.432,23.20238,22.7995,23.62527,96.60413,0,3.901201,0.001905
600.116,599.8107,0,24.414,22.8,96.947,83.359,1548.593,22.83579,21.14078,23.41887,89.79827,0.042708,4.301648,0.004189
600.9402,599.7344,0,25.275,24.284,83.558,77.52,1905.37,21.49571,20.7811,24.83447,79.87285,1.273056,5.292693,0.028686
619.8962,599.7466,0,27.919,25.014,79.738,66.605,2532.324,22.0259,20.88158,26.59844,73.049,1.468264,7.034234,0.04424
619.8596,599.7955,0,29.24,27.358,69.32,61.99,2602.682,21.78741,20.27643,28.18576,65.29295,1.595,7.229673,0.061259
619.6063,599.7344,0,30.638,28.9,62.916,53.652,3091.37,21.62782,19.30353,29.77699,57.53809,1.579722,8.58714,0.076231
619.5788,599.7955,0,32.06,29.939,58.529,49.543,3088.765,21.7694,19.91389,31.02394,54.6038,1.289653,8.579904,0.06982
619.4445,599.7802,0,33.087,30.638,56.648,45.73,3086.44,22.06907,19.37263,32.03946,50.74318,1.605763,8.573443,0.092013
619.6551,599.8565,0,33.308,31.499,51.035,43.905,2689.86,21.10714,18.49197,32.56892,46.796,1.830625,7.471834,0.110712
620,599.7344,0,33.974,31.579,49.779,41.521,2505.005,21.44413,18.43047,33.08324,45.41204,1.642014,6.958348,0.10371
620.0427,599.9207,0,34.236,31.74,47.532,40.028,2127.906,20.28209,17.62291,32.87633,43.30413,1.246597,5.910851,0.083453
620.2167,599.8412,0,33.947,31.57,48.073,40.331,1893.485,20.13042,17.94601,33.06452,43.33059,0.854723,5.259681,0.059575
620.1282,599.9237,0,33.167,31.798,45.941,41.424,1658.824,19.58428,18.04405,32.49953,43.78667,0.204583,4.607844,0.017852
620.3144,599.8107,0,32.457,28.38,59.414,44.06,1589.325,19.91997,18.51182,29.98775,52.52557,0,4.414793,0.002411
600.8975,599.7253,0,28.35,26.427,71.027,57.787,1591.882,20.95762,19.21615,27.43078,65.47959,0,4.421895,0.002305
620.2167,599.9359,0,27.678,26.718,72.73,68.598,1601.085,21.91993,20.84809,27.23231,70.36911,0.009097,4.447459,0.002572
620.0671,599.8382,0,26.828,26.218,75.572,72.556,1620.482,21.59597,21.47455,26.57695,73.80267,0.318542,4.501338,0.010362
620.2228,599.881,0,26.226,25.265,80.796,75.568,1625.112,21.77631,21.55573,25.77068,78.00453,0.063958,4.514201,0.003676
620.1893,599.9268,0,25.316,24.695,85.871,80.771,1528.493,22.28456,21.76597,24.96934,83.57529,0,4.245812,0.002114
619.9939,599.8565,0,24.794,24.414,91.406,85.84,1602.576,22.9729,22.22916,24.62037,88.99512,0.054236,4.4516,0.002747
600.8822,599.8107,0,24.542,24.414,93.066,91.373,1488.824,23.3636,22.94315,24.47982,92.1233,0,4.135623,0.002028
619.9451,599.8382,0,24.654,24.494,94.318,93.058,1489.156,23.64308,23.32368,24.56946,93.8127,0.012292,4.136546,0.002094
620.116,599.9207,0,24.695,24.542,94.802,94.228,1575.01,23.74231,23.59601,24.59938,94.48615,0.207361,4.375029,0.003126
620.0671,599.7741,0,24.613,24.464,95.636,94.701,1625.526,23.79749,23.67611,24.5396,95.17272,0.396806,4.515348,0.003755
620.0671,599.7497,0,24.484,24.353,96.156,95.607,1603.201,23.80222,23.68799,24.41967,95.91163,0.372361,4.453336,0.003377
600.7997,599.7344,0,24.835,24.445,95.918,93.398,1665.856,23.83673,23.61672,24.58722,94.77578,0.947222,4.627378,0.008556
619.9329,599.826,0,25.474,24.774,93.621,89.508,1882.39,23.88164,23.51899,25.04687,92.18481,1.229514,5.228861,0.013382
619.4384,599.7375,0,28.2,25.426,89.628,76.955,2356.782,24.18557,23.06488,26.44887,83.84351,1.771666,6.546618,0.032486
619.652,599.7802,0,28.92,27.158,79.941,71.234,2239.126,23.63908,22.73465,27.99648,74.78989,1.559028,6.219795,0.044308
619.8962,599.7497,0,30.74,28.06,75.75,61.546,2663.96,24.21195,21.96436,29.37436,68.76182,1.541041,7.39989,0.055422
619.6398,599.826,0,31.909,29.228,69.254,55.575,2768.191,23.67144,21.41443,30.69186,61.8627,1.575833,7.689418,0.069403
619.826,599.6948,0,32.837,30.75,61.72,51.646,3055.7,23.23715,20.60723,31.86928,55.82632,1.906388,8.488057,0.095813
619.9054,599.7344,0,34.025,31.618,57.439,47.531,3217.975,23.05037,20.70577,33.11275,51.13826,1.790695,8.938821,0.102218
619.6765,599.9207,0,34.197,32.508,54.167,47.238,2660.023,22.7799,20.71042,33.28289,50.27903,1.572084,7.388954,0.092042
620.0275,599.7131,0,34.474,32.527,52.416,45.976,2237.647,22.35275,20.55238,33.57499,48.28687,1.237709,6.215685,0.077076
620.2289,599.765,0,33.046,29.18,71.031,48.761,1610.594,23.52641,20.39891,31.18763,58.55165,1.208264,4.473874,0.057979
620.1771,599.8962,0,29.15,27.117,79.004,71.082,1605.138,23.59651,22.9275,27.94283,75.86891,2.140208,4.458718,0.053701
620.1923,599.8748,0,27.358,24.934,82.976,76.994,1602.52,23.26944,20.80443,26.03867,79.60591,1.508125,4.451446,0.025337
620.1771,599.8077,0,24.934,24.334,83.443,77.99,1561.364,21.40449,20.84791,24.60529,81.05582,0.696389,4.337121,0.013316
620.1649,599.768,0,24.394,23.984,88.73,83.382,1477.806,22.12618,21.36773,24.13872,86.02065,0.051389,4.105017,0.002729
620.2137,599.7344,0,24.273,24.034,91.39,88.726,1534.988,22.74341,22.07954,24.14623,90.32442,0.282292,4.263855,0.004529
620.1038,599.7222,0,24.453,24.102,92.578,91.388,1559.178,23.16581,22.66899,24.23702,92.14099,0.184236,4.331051,0.003417
620.1374,599.7741,0,24.504,24.243,94.105,92.384,1645.701,23.50658,23.07891,24.36509,93.50656,0.193403,4.571393,0.003318
620.0947,599.7253,0,24.564,24.343,95.188,94.078,1643.576,23.66357,23.46284,24.4444,94.68545,0.545139,4.56549,0.004524
619.8107,599.6948,0,24.632,24.494,94.546,94.002,1692.349,23.64066,23.5723,24.56122,94.32964,0.93757,4.70097,0.006212
619.6765,599.7955,0,24.554,24.314,95.184,94.472,1644.462,23.63451,23.49794,24.45768,94.71066,0.581597,4.567949,0.004648
600.9097,599.826,0,24.453,24.253,96.031,94.947,1612.851,23.65732,23.51888,24.35708,95.33431,0.203819,4.480142,0.002972
600.931,599.7497,0.762,24.434,23.993,97.722,96.023,1551.359,23.888,23.56101,24.1238,97.15874,0.211597,4.30933,0.002548
600.9127,599.768,0,24.054,23.812,97.359,94.598,1622.568,23.58063,22.93992,23.97657,95.68974,0.806597,4.507133,0.004695
600.9188,599.8107,0,24.263,23.742,95.1,93.238,1685.659,23.13713,22.90032,23.89675,94.60318,0.128056,4.682386,0.004686
619.124,599.8565,0,25.807,24.234,93.376,86.578,2117.349,23.5383,22.86283,24.68841,90.86984,1.435347,5.881524,0.016885
619.2277,599.765,0,28.108,25.716,87.046,73.722,2650.76,23.79147,22.69428,26.90029,80.09782,1.921251,7.363224,0.042324
619.4231,599.765,0,29.56,27.528,75.886,64.027,2781.99,23.44413,21.55697,28.66319,70.02151,1.779236,7.727748,0.059516
619.7741,599.7344,0,30.9,28.791,67.958,57.573,2726.996,22.93752,20.86785,29.73037,62.2962,2.538194,7.574988,0.100233
619.9573,599.7344,0,31.35,29.609,62.574,54.126,2380.892,22.46182,20.56926,30.42849,59.01987,2.275693,6.613588,0.099659
620.1893,599.8138,0,32.218,30.138,59.271,52.562,2313.782,22.32245,20.20141,30.84142,56.65029,2.078542,6.427172,0.097958
620.1069,599.7039,0,33.046,30.798,58.085,48.255,2797.464,22.20665,20.09235,31.96112,52.55226,1.996527,7.770734,0.106155
620.2534,599.9023,0,33.755,31.63,54.514,45.501,2671.235,22.24533,19.4327,32.85915,49.08197,1.644028,7.420097,0.097212
620.0702,599.8107,0,33.826,31.34,51.449,43.486,2215.134,21.05369,19.04237,32.64056,47.63251,1.596944,6.15315,0.096038
620.0336,599.7497,0,33.177,31.048,52.283,45.255,2012.815,21.14303,18.96678,32.36718,47.56472,1.861598,5.591153,0.109005
620.3206,599.7802,0,32.768,30.68,52.226,45.817,1872.677,20.07059,19.19283,31.63503,48.8658,1.603472,5.201881,0.091989
619.823,599.7497,0,30.83,29.138,57.164,50.772,1664.54,19.97107,19.36336,29.86566,54.33825,0.418403,4.623723,0.021945
600.8975,599.7344,0,29.15,27.608,66.875,56.714,1634.075,20.9178,19.51259,28.44734,60.42704,0.741944,4.539096,0.029677
619.9451,599.7863,0,27.618,26.288,72.697,66.875,1625.797,21.12302,20.90669,26.80976,70.595,0.761736,4.516102,0.022208
620.2106,599.8474,0,26.296,25.436,78.642,72.722,1643.497,21.48889,21.0056,25.86682,75.90166,0.901041,4.565269,0.020554
620.2411,599.7802,0,25.455,24.625,84.52,78.697,1707.905,21.88717,21.47211,25.08031,81.23821,1.005278,4.744181,0.01744
620.0092,599.7344,0,24.774,24.494,89.121,84.539,1650.312,22.78528,21.85071,24.65998,86.94141,0.191667,4.584199,0.004582
620.1862,599.8046,0,24.695,24.584,93.078,89.15,1716.64,23.4229,22.77361,24.62538,91.41604,0.427083,4.768444,0.00546
620.1404,599.7802,0,24.625,24.414,94.398,93.021,1706.633,23.52179,23.3972,24.52601,93.72507,0.151042,4.740647,0.003123
620.1343,599.8412,0,24.574,24.314,94.857,94.136,1649.278,23.62624,23.43245,24.43731,94.53996,0.160625,4.581326,0.002977
620.2198,599.8993,0,24.632,24.343,95.18,93.57,1654.654,23.61839,23.46939,24.55144,94.00562,0.820139,4.596261,0.005991
600.4457,599.826,0,24.343,24.154,95.859,95.226,1615.783,23.61076,23.44401,24.232,95.69193,0.535694,4.488286,0.003958
619.7497,599.7344,0,24.353,24.163,96.027,95.058,1508.178,23.68332,23.35173,24.23674,95.63955,0.241042,4.189383,0.002922
619.9084,599.826,0,24.754,23.932,95.945,94.02,1548.856,23.77439,23.24602,24.23722,95.15895,0.161042,4.302379,0.004496
619.5788,599.7344,0,26.418,24.735,94.066,84.678,1940.219,23.95662,23.42459,25.26031,90.70484,1.294236,5.389498,0.015827
619.9359,599.7344,0,28.35,25.976,85.766,73.468,2501.041,24.11537,22.61756,27.13787,80.14515,2.185765,6.947335,0.046562
619.9481,599.8168,0,30.27,27.039,78.836,63.39,2573.617,23.85344,21.9446,28.68716,71.0687,1.939791,7.148935,0.061413
620.2045,599.7344,0,31.638,28.458,69.854,57.865,2683.205,23.4401,21.57547,29.99969,63.63464,2.065416,7.453347,0.082033
620.2015,599.7802,0,32.498,29.76,63.068,53.406,2908.5,23.15209,21.3511,31.11663,58.70749,1.95625,8.079167,0.090487
620.2106,599.765,0,32.949,30.869,59.692,51.51,2689.384,23.24912,21.16644,31.84941,55.36609,1.894861,7.47051,0.09546
620.1679,599.7558,0,33.916,30.91,57.863,45.501,2813.612,22.7909,20.37616,32.37189,52.63956,2.057778,7.81559,0.10952
620.0855,599.881,0,34.175,32.02,52.907,45.394,2512.054,22.54534,20.00797,33.1678,49.56124,1.345278,6.977928,0.081083
619.9847,599.6765,0,33.577,31.669,53.966,46.919,1912.045,21.80654,19.8598,32.62732,49.56306,1.179584,5.311235,0.070498
620.2015,599.7466,0,32.476,31.778,52.547,47.887,1788.677,21.26377,19.90395,32.12522,50.49919,0.867847,4.968546,0.052333
620.3236,599.9207,0,31.928,30.82,53.498,49.431,1656.372,20.7324,19.78827,31.46405,51.44455,0.119444,4.601034,0.011106
600.1374,599.9481,0,30.82,28.9,59.375,52.608,1600.898,20.52645,19.92678,29.80828,56.19197,0.044236,4.446939,0.004523
620.0947,599.8107,0,28.92,27.268,71.042,58.597,1590.815,22.24929,19.99123,27.94097,66.24127,0.161042,4.418931,0.007921
620.3328,599.7802,0,27.958,26.678,75.258,71.07,1605.6,22.30878,21.90531,27.14609,73.96005,0.468403,4.46,0.013842
620.2503,599.7741,0,26.688,26.068,78.258,75.102,1619.187,22.0924,21.84908,26.29942,77.05306,0.535417,4.497742,0.013513
620.2625,599.884,0,26.077,25.496,81.13,78.222,1605.233,22.07525,21.92615,25.74127,79.75204,0.593542,4.458981,0.012927
620.1954,599.8412,0,25.516,25.156,83.058,81.128,1583.482,22.14001,22.02321,25.2749,82.40015,0.436042,4.398561,0.009157
620.1984,599.768,0,25.316,25.104,86.258,82.894,1606.009,22.69496,22.1275,25.1961,84.60213,0.661875,4.461137,0.010953
619.9603,599.8229,0,25.196,24.995,88.076,86.23,1544.068,22.94785,22.66123,25.10393,87.18572,0.074792,4.289078,0.003053
620.2289,599.7497,0,24.995,24.523,90.554,88.035,1416.582,23.04805,22.83588,24.82193,89.23906,0,3.934951,0.001959
620.2228,599.9023,0,24.794,24.535,91.859,90.55,1437.096,23.33847,22.90344,24.68526,91.28177,0,3.991934,0.001974
600.058,599.7344,0,24.644,24.464,92.953,91.804,1406.123,23.33654,23.17392,24.5482,92.38779,0,3.905897,0.001932
600.0702,599.7344,0,24.535,24.102,95.016,92.945,1363.129,23.40514,23.23619,24.33878,93.92256,0,3.786469,0.001875
600.058,599.7344,0,25.056,24.093,95.586,93.672,1425.432,24.04018,23.24574,24.35609,95.19553,0,3.959533,0.003496
600.9463,599.7344,0,27.248,24.995,93.672,83.031,1853.071,24.60362,23.80344,26.05029,88.96126,0.001181,5.147419,0.004486
619.8474,599.8382,0,29.451,27.088,83.216,70.892,2424.239,24.30835,22.84625,27.80096,77.97778,1.815001,6.733998,0.044565
620.1801,599.7344,0,29.41,28.089,74.55,69.707,2250.28,23.66479,22.61782,28.57343,72.29231,2.450209,6.250776,0.070516
620.1984,599.765,0,30.63,28.2,72.527,62.392,2847.844,23.67365,22.26894,29.71565,66.60744,2.167223,7.910679,0.078771
620.2381,599.7985,0,32,29.59,67.512,59.347,2501.273,23.97146,21.8705,30.61089,62.86172,1.814167,6.94798,0.075525
620.0916,599.71,0,32.029,30.279,61.819,56.757,2291.179,23.32242,21.64972,31.16548,59.10502,1.750764,6.364386,0.080499
620.2381,599.765,0,32.808,30.76,60.166,53.363,2043.416,22.69836,21.29722,31.56512,56.6244,1.601041,5.676155,0.07881
620.1618,599.9023,0,32.258,30.978,59.127,53.457,1708.778,22.48031,21.184,31.40385,56.82214,0.926458,4.746606,0.04815
620.2656,599.8962,0,34.175,31.08,58.826,48.871,2031.03,23.13732,21.3642,31.87456,55.88918,0.398889,5.641751,0.025105
620.3174,599.7222,0,34.505,29.49,65.64,48.466,2089.955,23.72065,21.73059,30.83677,61.78857,2.612639,5.80543,0.10489
620.2595,599.768,0,29.49,26.046,78.886,64.011,1453.5,22.14388,21.2375,27.06637,72.54158,1.618611,4.037501,0.046928
620.2381,599.8901,0,26.046,24.896,84.832,78.824,1558.307,22.34645,22.02838,25.33947,82.58469,1.049097,4.328629,0.016769
620.2534,599.9207,0,24.915,23.672,86.128,84.375,1607.135,22.25936,21.18197,24.19538,85.12689,0.814653,4.464264,0.011985
620.2259,599.8321,0,23.752,23.612,88.652,85.984,1532.752,21.75332,21.20052,23.67901,87.27814,0.216319,4.257643,0.004597
620.1893,599.8565,0,24.054,23.511,89.506,88.404,1469.57,22.18061,21.56315,23.73019,89.15025,0.050069,4.08214,0.002523
620.0794,599.7253,0,24.202,23.862,89.648,88.802,1548.133,22.31458,22.04111,24.0708,89.1169,0.805556,4.30037,0.009094
620.2259,599.7344,0,23.872,23.502,90.613,89.531,1681.164,22.09012,21.77059,23.62779,89.84229,1.632362,4.669899,0.013219
620.1771,599.7802,0,23.532,23.35,92.531,90.584,1661.18,22.16388,21.89291,23.46329,91.79047,0.830834,4.614389,0.007415
620.2076,599.7344,0,23.452,23.171,92.949,92.34,1576.836,22.17578,21.97558,23.34351,92.53364,0.023681,4.380101,0.002274
619.9939,599.7222,0,23.191,22.97,93.707,92.914,1508.753,22.03149,21.83389,23.05371,93.28502,0.113958,4.190982,0.002706
600.9554,599.7497,0,23.141,22.91,93.576,91.184,1515.322,21.89388,21.58995,23.0287,92.4954,0.097361,4.209228,0.002694
600.8608,599.7497,0,23.09,22.499,93.875,91.212,1471.913,21.6806,21.43639,22.85389,92.3175,0.001944,4.088647,0.002
600.1038,599.8229,0,22.509,21.988,96.832,93.9,1388.503,21.59451,21.34748,22.18485,95.53135,0,3.856953,0.001873
600.4457,599.9939,0,22.89,21.947,97.396,96.617,1435.724,22.36333,21.44019,22.19807,97.04806,0,3.988122,0.003457
600.4121,599.765,0,24.664,22.84,96.57,89.867,1699.744,22.96092,22.22499,23.65771,93.79292,0,4.721511,0.004053
620.2076,599.7344,0,26.087,24.644,89.922,84.867,2056.881,23.66906,22.78372,25.25872,87.98035,0.848055,5.713559,0.014686
620.1526,599.7955,0,27.368,25.856,85.628,78.539,2138.473,23.63437,22.92954,26.5077,82.67342,1.241806,5.940204,0.026034
620.2167,599.7344,0,28.2,26.928,80.128,72.936,2225.885,23.86592,22.69186,27.75805,76.28669,1.642014,6.183013,0.043527
619.823,599.7558,0,28.57,27.88,75.156,69.52,1795.244,23.41322,22.24611,28.13587,73.37086,2.097361,4.986788,0.058508
620.1832,599.7497,0,29.83,28.359,70.508,65.035,1911.493,23.01253,22.17237,29.1803,67.29134,1.813472,5.309703,0.064286
620.0947,599.7375,0,31,29.33,66.869,61.304,1950.503,23.23975,22.11226,30.20937,63.83961,1.537222,5.418065,0.062563
620.3174,599.7527,0,30.99,26.538,82.039,60.541,1733.778,23.60829,22.15891,28.74172,71.14507,2.159236,4.81605,0.065256
619.9817,599.7619,0,27.54,26.578,81.777,75.172,1755.194,23.53245,22.66079,26.90081,79.46201,1.267569,4.875539,0.029926
620.2045,599.7344,0,28.138,27.068,79.59,74.044,1782.373,23.49773,22.54966,27.55874,76.22966,1.919167,4.951036,0.048386
620.2259,599.7802,0,27.598,26.116,85.65,78.926,1682.116,23.79447,23.36918,26.81963,82.35503,1.97743,4.672544,0.037066
620.2137,599.7405,0,26.157,25.275,89.8,85.357,1627.184,23.59712,23.40647,25.72632,87.41206,1.433542,4.519955,0.015618
620.1893,599.765,0,25.275,21.686,95.732,87.207,1631.622,23.62963,20.65704,23.80444,91.26195,1.217708,4.532283,0.009795
620.0092,599.9329,0,22.268,21.746,97.066,95.64,1568.224,21.75509,21.08799,22.04438,96.54594,0.001528,4.356179,0.002071
600.7021,600.0183,0,22.248,21.857,97.855,96.578,1474.751,21.78017,21.46364,22.03723,97.33807,0,4.096531,0.001961
600.3846,600.0031,0,22.248,21.917,98.455,97.752,1428.424,22.00547,21.57741,22.09322,98.20006,0,3.967845,0.001907
